timestamp,heartRate,spo2,breathRate,breathDepth,temperature
2026-02-23 22:00:00,70.6,95.8,12,2.6,36.6
2026-02-23 22:00:10,70.5,97.4,16.5,2.4,36.2
2026-02-23 22:00:20,71.7,97.4,12.1,2.3,36.2
2026-02-23 22:00:30,71.3,97,19,3.5,37.4
2026-02-23 22:00:40,71,98.4,13.5,3.7,37.1
2026-02-23 22:00:50,68,99.9,19.1,4.4,37
2026-02-23 22:01:00,70.2,98.2,14,3.1,37
2026-02-23 22:01:10,71.4,96,15.6,4.8,36.6
2026-02-23 22:01:20,71.6,98.2,12.7,2.5,37
2026-02-23 22:01:30,71.7,95.2,15,2.9,36.3
2026-02-23 22:01:40,71.2,95.1,14.5,4.5,36.5
2026-02-23 22:01:50,69.5,99.7,17.1,3.9,36.6
2026-02-23 22:02:00,68.9,99.9,19.8,3.6,36.2
2026-02-23 22:02:10,69.9,95.6,19.4,3.2,36
2026-02-23 22:02:20,67.7,97.7,12.9,4.9,37.4
2026-02-23 22:02:30,67.9,97.9,12.2,2.4,36.6
2026-02-23 22:02:40,68.7,98.6,16.5,4.8,36.2
2026-02-23 22:02:50,71.1,99,14.2,3,36.1
2026-02-23 22:03:00,70.4,95.9,14.2,2.8,36.6
2026-02-23 22:03:10,67.8,98.1,18.1,2.9,36.8
2026-02-23 22:03:20,69.5,95.3,17.2,4.2,36.1
2026-02-23 22:03:30,70.8,95.7,12.5,5,36.3
2026-02-23 22:03:40,69.3,99.9,18,3.5,37.5
2026-02-23 22:03:50,70.9,96.2,18.1,2.2,36
2026-02-23 22:04:00,70.6,95,12.2,4.5,36.9
2026-02-23 22:04:10,67.9,99.5,12.6,3.1,36.3
2026-02-23 22:04:20,68.1,97.6,16.8,3.5,36.7
2026-02-23 22:04:30,68.4,97,16.9,3.2,36
2026-02-23 22:04:40,69,99.8,18.5,4.2,36.1
2026-02-23 22:04:50,67.8,98,18.6,4.2,37.3
2026-02-23 22:05:00,68.8,97.9,15.5,3.7,36.1
2026-02-23 22:05:10,67.8,95.3,17.5,2.9,36.6
2026-02-23 22:05:20,70.5,98.1,15.9,2.7,37
2026-02-23 22:05:30,67.7,95.8,15.1,2.4,37.4
2026-02-23 22:05:40,67.4,98.5,13.4,3.8,36.3
2026-02-23 22:05:50,68.3,98.5,15.1,3.7,37.4
2026-02-23 22:06:00,67.8,99.6,19.5,2.1,36.5
2026-02-23 22:06:10,68.3,95.5,19.6,3.7,36.4
2026-02-23 22:06:20,67.5,95.1,15.1,4.1,37.1
2026-02-23 22:06:30,67.5,95.7,12.8,4.3,36.3
2026-02-23 22:06:40,67.5,95.8,18.5,3.4,36.4
2026-02-23 22:06:50,69.9,95,15.2,4.7,36.3
2026-02-23 22:07:00,70.1,97.5,13.6,4.7,36.4
2026-02-23 22:07:10,70.8,99,15,2.8,36.4
2026-02-23 22:07:20,70.5,99.4,15,3,37.5
2026-02-23 22:07:30,69.1,98.9,12.5,2.1,37.1
2026-02-23 22:07:40,69.9,99.9,18.9,2.4,37.3
2026-02-23 22:07:50,69.9,99.7,18.9,4.8,36.5
2026-02-23 22:08:00,67.2,99.7,17.8,3.9,37.1
2026-02-23 22:08:10,69.2,99.6,19.5,4.3,37
2026-02-23 22:08:20,66.9,98.7,16.7,3.4,37.1
2026-02-23 22:08:30,70,98.6,14.3,2.7,37.2
2026-02-23 22:08:40,67.5,99.6,16.5,4.6,36.7
2026-02-23 22:08:50,69.2,96.4,19.2,3.6,37.1
2026-02-23 22:09:00,69,96.9,15,2.7,36.1
2026-02-23 22:09:10,69.8,99.6,13.1,3.6,36.9
2026-02-23 22:09:20,68,97,12.4,3.8,36.5
2026-02-23 22:09:30,67.5,98.9,17.6,3.6,36.9
2026-02-23 22:09:40,67.5,98.8,14.5,3.6,36.9
2026-02-23 22:09:50,69.6,97.3,17.8,4.1,36.6
2026-02-23 22:10:00,66.4,96.5,15.9,3.4,36.7
2026-02-23 22:10:10,69.2,96.4,16,2.7,36.4
2026-02-23 22:10:20,68.2,99.9,14.1,3.1,36.2
2026-02-23 22:10:30,68,95.4,12.4,2.9,37.3
2026-02-23 22:10:40,66.5,96.3,19.5,4.3,37.2
2026-02-23 22:10:50,67.6,99.2,15.3,4.4,36.2
2026-02-23 22:11:00,66.9,98.4,15.4,4,36.2
2026-02-23 22:11:10,68,96.5,12.5,2.4,37.5
2026-02-23 22:11:20,69.7,96.9,15.9,2.6,37
2026-02-23 22:11:30,68.8,98.6,15.3,2.3,36.5
2026-02-23 22:11:40,67.2,96.1,19.5,4.6,36.3
2026-02-23 22:11:50,68.7,97.8,14.1,3.4,36.9
2026-02-23 22:12:00,67.6,98.5,19.7,2.8,36.6
2026-02-23 22:12:10,69.8,99.8,17.4,4.7,37.3
2026-02-23 22:12:20,67.8,95.2,15.9,4.7,36.3
2026-02-23 22:12:30,68.2,98.6,12.2,3.5,37.5
2026-02-23 22:12:40,68.3,99,18.2,3.7,37.1
2026-02-23 22:12:50,66.3,97.2,18.9,2.9,37.1
2026-02-23 22:13:00,66.5,95.9,18.8,3.5,36.2
2026-02-23 22:13:10,66.2,97.4,16.4,4.9,36.6
2026-02-23 22:13:20,67.6,96.9,15.2,3.9,36.6
2026-02-23 22:13:30,68.6,98.6,17.9,4.9,36.8
2026-02-23 22:13:40,68.1,96.4,17.5,3.9,36.2
2026-02-23 22:13:50,67.5,98.8,14.3,3.8,37
2026-02-23 22:14:00,69.1,99.6,15.3,4.5,36.7
2026-02-23 22:14:10,66.2,95.1,16.2,4.5,37.1
2026-02-23 22:14:20,65.6,98.1,13.8,4.3,36.2
2026-02-23 22:14:30,69.4,96.7,16.8,4.3,36.8
2026-02-23 22:14:40,67.7,95.2,19.7,2.5,36.7
2026-02-23 22:14:50,68.7,98.7,17.1,4.1,36.4
2026-02-23 22:15:00,67.5,97.6,17.9,4.1,36.6
2026-02-23 22:15:10,67.6,97.8,13.6,4.1,37.2
2026-02-23 22:15:20,68.9,96.6,18.7,4.1,36.3
2026-02-23 22:15:30,65.9,95.8,14.9,4.3,36.4
2026-02-23 22:15:40,68.1,98.1,17.5,3.8,37.5
2026-02-23 22:15:50,68.6,99.5,19.3,4.2,36.9
2026-02-23 22:16:00,65.4,95.3,18.6,3.4,36.5
2026-02-23 22:16:10,68.7,95.3,15.7,4.5,36
2026-02-23 22:16:20,67.9,95.3,18.7,4.1,37.2
2026-02-23 22:16:30,66.8,96.8,12.4,3.9,36.5
2026-02-23 22:16:40,65.6,98.8,13.5,4.3,37.1
2026-02-23 22:16:50,67.4,98.7,13.1,3.1,36.9
2026-02-23 22:17:00,66.2,95,19.1,2.6,36.7
2026-02-23 22:17:10,68,99.9,15.2,4.6,36.5
2026-02-23 22:17:20,66.1,95.4,14.3,3.3,36.4
2026-02-23 22:17:30,66.3,97.9,16.7,2.9,36.8
2026-02-23 22:17:40,68.9,99.7,18.1,4.3,36.4
2026-02-23 22:17:50,65.9,95.2,13.3,2.9,36.7
2026-02-23 22:18:00,68,98.4,13.6,4.1,36.5
2026-02-23 22:18:10,65.2,97,17.8,2.2,36.4
2026-02-23 22:18:20,67.2,95.8,14.1,4.5,36.6
2026-02-23 22:18:30,65.2,96,16.1,4.7,37.1
2026-02-23 22:18:40,66.1,97.5,13.4,2.8,36.4
2026-02-23 22:18:50,68.5,99.9,17.7,2.4,36.8
2026-02-23 22:19:00,66.6,98,12.8,2.7,36.4
2026-02-23 22:19:10,65.9,98,19.4,2.3,37.5
2026-02-23 22:19:20,68.1,99.9,15.4,4.7,36.4
2026-02-23 22:19:30,68,96.2,17.3,3.8,36.4
2026-02-23 22:19:40,65.4,96.3,19.8,2.6,36.7
2026-02-23 22:19:50,67.1,95.9,19.5,3.1,37
2026-02-23 22:20:00,67.6,98.2,17,4.4,36.3
2026-02-23 22:20:10,65.6,95.2,15.7,4.4,37.4
2026-02-23 22:20:20,66.9,96.3,18.9,4.8,36.4
2026-02-23 22:20:30,65.1,95.7,18.2,4,37.5
2026-02-23 22:20:40,67.7,95.3,17,3,36.1
2026-02-23 22:20:50,65.1,97.4,13.2,4.7,37.3
2026-02-23 22:21:00,68,99.1,19.2,4.8,37
2026-02-23 22:21:10,68.3,98.2,17.5,2.8,36.8
2026-02-23 22:21:20,66.4,98.5,17.7,2.8,37
2026-02-23 22:21:30,67,98.7,18.6,3.4,36.3
2026-02-23 22:21:40,68.1,96,18.2,3.6,37.2
2026-02-23 22:21:50,66.3,97.7,15.7,2.5,36
2026-02-23 22:22:00,64.5,98.1,15.8,2.3,37.4
2026-02-23 22:22:10,65.8,95.9,13.3,3.5,37.2
2026-02-23 22:22:20,64.9,95.6,17.8,3.2,37
2026-02-23 22:22:30,67,97.7,15.8,2.1,36.5
2026-02-23 22:22:40,66,96.9,15.9,4.9,36.3
2026-02-23 22:22:50,67.1,97.9,19.4,2.2,36.1
2026-02-23 22:23:00,65.1,99.4,17.8,4.5,36.6
2026-02-23 22:23:10,65.2,96,14.3,3.3,36.7
2026-02-23 22:23:20,68,98.5,13,4.1,37
2026-02-23 22:23:30,68,98.8,13.2,4,37
2026-02-23 22:23:40,67,97.8,19.5,2.7,36.8
2026-02-23 22:23:50,67.1,99.2,19.8,2.6,37.5
2026-02-23 22:24:00,66,95.2,15.4,4,37.3
2026-02-23 22:24:10,67.2,96.7,12.4,4.6,36.4
2026-02-23 22:24:20,66.4,95.6,18.7,2.3,37.1
2026-02-23 22:24:30,66.9,95.6,17.1,3.4,37.2
2026-02-23 22:24:40,64.9,99.7,20,4.3,36.3
2026-02-23 22:24:50,67.1,96.5,18.3,2.9,36.9
2026-02-23 22:25:00,63.9,95.6,19.6,3.4,36.3
2026-02-23 22:25:10,66.5,98.7,13.5,2.6,36.1
2026-02-23 22:25:20,65.1,100,18.5,2.5,36.6
2026-02-23 22:25:30,65.6,97.6,18.5,4.6,37.3
2026-02-23 22:25:40,66.1,96.1,18.6,4.4,36.7
2026-02-23 22:25:50,66.4,96.8,15.6,4.8,36.8
2026-02-23 22:26:00,67,98.8,19.2,2.1,36.4
2026-02-23 22:26:10,64.6,98.7,15.6,3.5,36.9
2026-02-23 22:26:20,63.7,96.5,19.5,4.6,37.1
2026-02-23 22:26:30,63.7,95,15.8,3.2,36.6
2026-02-23 22:26:40,65.5,96.8,15.5,2.1,36
2026-02-23 22:26:50,66.2,96,18.1,3.3,36.9
2026-02-23 22:27:00,67.2,97.1,14.3,4.2,36.7
2026-02-23 22:27:10,65.3,95.7,17.2,3.6,36.3
2026-02-23 22:27:20,64.7,97.2,14.8,3.5,36.7
2026-02-23 22:27:30,65.6,99.4,13.6,3.1,36.2
2026-02-23 22:27:40,67.3,95.1,14.1,2.1,36.9
2026-02-23 22:27:50,63.8,95.8,14.8,4.2,36.5
2026-02-23 22:28:00,65.8,97.5,18,4.4,36
2026-02-23 22:28:10,65.1,99.9,16.4,3.9,37.1
2026-02-23 22:28:20,64.7,97.3,14.6,2,36.4
2026-02-23 22:28:30,66.1,96.9,17.6,2.2,37.4
2026-02-23 22:28:40,66,97.8,12.5,4.1,37
2026-02-23 22:28:50,63.9,97.4,14,2.5,36.3
2026-02-23 22:29:00,66.5,95.4,18.7,4.3,36.9
2026-02-23 22:29:10,64.4,95.8,14.9,4.1,36.4
2026-02-23 22:29:20,65.2,96.8,20,3.2,36.3
2026-02-23 22:29:30,64.1,96.5,20,3.2,37.2
2026-02-23 22:29:40,64.2,98.7,13.6,3.4,37.4
2026-02-23 22:29:50,65,96.9,12.6,2.3,36
2026-02-23 22:30:00,114,98.8,19.9,4.6,36.9
2026-02-23 22:30:10,63.8,98.3,14.7,3.8,36.6
2026-02-23 22:30:20,65.3,97.5,14.3,3.8,36
2026-02-23 22:30:30,64.7,98.2,15.9,2.7,36
2026-02-23 22:30:40,65.6,97.8,13.1,4.7,36.8
2026-02-23 22:30:50,63.3,97.5,14.8,2.2,36.8
2026-02-23 22:31:00,66.1,99.2,18.8,2.7,36.6
2026-02-23 22:31:10,64.1,96.2,14.9,3.4,36.7
2026-02-23 22:31:20,63.6,95.4,15.1,4.7,36.1
2026-02-23 22:31:30,63.8,98.2,19,4,37.3
2026-02-23 22:31:40,63.5,97.9,19.2,2.1,37.4
2026-02-23 22:31:50,66.2,96.5,15,2.8,37.2
2026-02-23 22:32:00,63.6,98.6,18.1,4.3,36.5
2026-02-23 22:32:10,64.9,99.2,13.9,4.8,36.3
2026-02-23 22:32:20,63.6,100,15.7,4.9,36.6
2026-02-23 22:32:30,65.6,97.8,17,2.6,36.3
2026-02-23 22:32:40,63.6,98,16.8,2.1,37.2
2026-02-23 22:32:50,66.4,97.3,15.3,4.6,37.1
2026-02-23 22:33:00,63,95.2,13,4.2,36.8
2026-02-23 22:33:10,64.9,95.1,12,2.9,37.2
2026-02-23 22:33:20,66.5,95.4,18.2,4.7,36.9
2026-02-23 22:33:30,64.3,98.9,18.9,4.5,37.4
2026-02-23 22:33:40,66.1,99.9,14.6,4.6,36.9
2026-02-23 22:33:50,66.5,98.5,19.6,4.9,36.2
2026-02-23 22:34:00,64.2,97.3,13,3.3,37.4
2026-02-23 22:34:10,64.4,99.1,12.1,3.8,36.9
2026-02-23 22:34:20,64.2,98.1,13,3.3,36.8
2026-02-23 22:34:30,63.4,99.4,17.7,4.7,36.7
2026-02-23 22:34:40,66.6,96.8,12.3,4.3,36.8
2026-02-23 22:34:50,64.2,95.5,18.8,2.7,36.1
2026-02-23 22:35:00,65.6,96.2,15,3.9,36.2
2026-02-23 22:35:10,65.6,96.7,17,3.1,36.5
2026-02-23 22:35:20,62.8,97,15.6,4.2,37.3
2026-02-23 22:35:30,64.8,96.1,13.1,3.3,36.3
2026-02-23 22:35:40,64.2,97.1,14.5,4.9,36.8
2026-02-23 22:35:50,64.3,99,14.1,2.8,36.1
2026-02-23 22:36:00,65.6,96.3,14.9,4.2,36.7
2026-02-23 22:36:10,63.2,97.7,15,2.1,37.2
2026-02-23 22:36:20,64.3,97.9,19.8,4.8,37.1
2026-02-23 22:36:30,66.3,96,15,4,36.1
2026-02-23 22:36:40,64.9,98.2,17.4,3.4,36.7
2026-02-23 22:36:50,62.6,99.9,13.1,4.9,36.9
2026-02-23 22:37:00,64.8,98.4,15.2,2.8,37.4
2026-02-23 22:37:10,66,98.1,15,3.8,36.1
2026-02-23 22:37:20,65.4,97.9,16.4,3.3,36.5
2026-02-23 22:37:30,66,97.4,19.4,4.2,37.2
2026-02-23 22:37:40,66.1,97,14.2,2.5,37.1
2026-02-23 22:37:50,64.2,97.4,18.9,3,36.7
2026-02-23 22:38:00,65,98.1,15.3,3.5,36.1
2026-02-23 22:38:10,64.3,97.8,18.3,4.3,36.4
2026-02-23 22:38:20,62.9,97.1,12.8,2.7,37.5
2026-02-23 22:38:30,66.1,95.3,18.9,3.6,36.5
2026-02-23 22:38:40,65.7,98,12.2,2.5,37.1
2026-02-23 22:38:50,64.1,95.9,18.9,3.6,36.3
2026-02-23 22:39:00,64.5,98.3,16.2,3.9,36.6
2026-02-23 22:39:10,64.9,98.1,19.1,2.5,36.6
2026-02-23 22:39:20,62.4,96.3,12,3.5,36.7
2026-02-23 22:39:30,65.9,95.6,17.5,4.2,36.5
2026-02-23 22:39:40,64,98.4,18.8,2.7,36.2
2026-02-23 22:39:50,63.2,96.6,13.2,2.4,36.8
2026-02-23 22:40:00,62.3,98,12.5,3,36.3
2026-02-23 22:40:10,65.5,96.2,16.4,5,36.5
2026-02-23 22:40:20,63.3,97.7,16.4,2.2,36.7
2026-02-23 22:40:30,63.5,96.8,19.8,2.3,37.2
2026-02-23 22:40:40,65.1,96.8,15.5,4.2,36.8
2026-02-23 22:40:50,63.5,97,13.8,3.6,37.1
2026-02-23 22:41:00,64,97.4,16.4,3.1,37.2
2026-02-23 22:41:10,62.3,97.8,15.5,3.8,37.2
2026-02-23 22:41:20,65.9,99.1,15.6,3.3,37.3
2026-02-23 22:41:30,63.6,97.7,19,2.7,36.1
2026-02-23 22:41:40,62.6,95.5,13.8,2.1,37.2
2026-02-23 22:41:50,65.8,95.4,12.5,2.1,36.8
2026-02-23 22:42:00,62.1,98.1,12.4,2.2,36.1
2026-02-23 22:42:10,63.3,96.5,12.8,4.5,37.2
2026-02-23 22:42:20,62,96.7,13.9,2,36
2026-02-23 22:42:30,63,99.4,19.2,4,36.9
2026-02-23 22:42:40,63.1,97.3,14.7,2.1,36.8
2026-02-23 22:42:50,65.5,99.6,13,4.7,37
2026-02-23 22:43:00,65.3,97.7,18.1,4.7,37
2026-02-23 22:43:10,63.5,95.1,17.3,3.2,36.4
2026-02-23 22:43:20,63.1,99.2,19.7,4.7,36
2026-02-23 22:43:30,65.1,96.2,14.3,2.7,37.3
2026-02-23 22:43:40,62.4,98.5,16.1,4.7,36.8
2026-02-23 22:43:50,63.7,97.8,19.7,3.3,36.5
2026-02-23 22:44:00,65.5,95.3,12.7,2.8,36.8
2026-02-23 22:44:10,64.4,96,12.3,2.3,37.5
2026-02-23 22:44:20,64.9,97.8,14.3,2.6,36.8
2026-02-23 22:44:30,64.6,99,18.2,2.7,36.9
2026-02-23 22:44:40,63,97,17.3,2.9,37
2026-02-23 22:44:50,65.2,95.6,19.9,2.1,36.9
2026-02-23 22:45:00,64,97.3,12.8,2.7,36.7
2026-02-23 22:45:10,64.2,96.6,15.2,2.9,36.7
2026-02-23 22:45:20,65.3,99.1,18.6,4.6,36.1
2026-02-23 22:45:30,65.6,99,19.5,3.6,37.2
2026-02-23 22:45:40,62.4,97.7,13.4,3.3,37.5
2026-02-23 22:45:50,65.6,97.7,15.4,3.3,37
2026-02-23 22:46:00,65.4,98.6,14,4,37.2
2026-02-23 22:46:10,64.8,95.6,15,3.7,36.4
2026-02-23 22:46:20,65.1,98.1,17.4,2.1,37.4
2026-02-23 22:46:30,65,95.1,12.9,4.2,36.4
2026-02-23 22:46:40,63.2,96.2,19.1,3.4,37.1
2026-02-23 22:46:50,63.8,98.3,15,4.6,36.7
2026-02-23 22:47:00,65.2,97.4,12.7,2.2,37.3
2026-02-23 22:47:10,64.7,96.3,15.4,4.5,36.9
2026-02-23 22:47:20,61.7,95.4,16.3,2.8,36.3
2026-02-23 22:47:30,64.1,99.7,13.8,4.5,36.9
2026-02-23 22:47:40,64.6,97.5,12.1,2.6,36.3
2026-02-23 22:47:50,63.6,99.3,18.5,3.8,36.6
2026-02-23 22:48:00,64.4,95,12.7,2.7,36.3
2026-02-23 22:48:10,61.6,99.1,19.7,3.6,36.4
2026-02-23 22:48:20,64.1,95.7,16.7,2.5,36.2
2026-02-23 22:48:30,61.7,97.8,12.9,3,36.4
2026-02-23 22:48:40,65.4,95.9,18.2,2.9,36.5
2026-02-23 22:48:50,64.8,99.6,13.6,3.2,36.4
2026-02-23 22:49:00,64.8,97.5,15.3,3.1,37
2026-02-23 22:49:10,62.7,96.7,15.8,4.1,37.2
2026-02-23 22:49:20,64.8,97.6,15.1,3.6,36.8
2026-02-23 22:49:30,65.3,99,14.3,4.6,36.2
2026-02-23 22:49:40,63.1,97.2,16.8,3,37.1
2026-02-23 22:49:50,62,96.3,12.6,2.6,36.9
2026-02-23 22:50:00,61.7,96.5,14,3.7,37.4
2026-02-23 22:50:10,63.6,96.7,12.3,4.3,36.1
2026-02-23 22:50:20,63.2,97.2,19.5,4,36.7
2026-02-23 22:50:30,64.4,95.9,16.7,3.9,36.4
2026-02-23 22:50:40,61.7,99.4,16.1,2.9,37.4
2026-02-23 22:50:50,62,98.8,12,2.8,36
2026-02-23 22:51:00,61.6,98.3,14.1,4.8,36.4
2026-02-23 22:51:10,61.6,98.9,13.3,4.2,36.4
2026-02-23 22:51:20,62.9,96.7,13.5,2.8,36.1
2026-02-23 22:51:30,64.7,95.1,14.6,4.4,36.5
2026-02-23 22:51:40,61.3,99.9,17.2,3.3,36.4
2026-02-23 22:51:50,62.3,99.4,18.5,3.4,36.3
2026-02-23 22:52:00,62.3,95.1,14.9,2.6,36.7
2026-02-23 22:52:10,64.3,97.3,19.6,4.1,36.3
2026-02-23 22:52:20,62.5,96.3,19.1,4.2,36.6
2026-02-23 22:52:30,62.7,98,13.1,2.3,37.1
2026-02-23 22:52:40,63,98.8,12.9,2.2,36.1
2026-02-23 22:52:50,65.1,99.8,14.7,4.3,36.9
2026-02-23 22:53:00,62.2,95.3,14.6,4.6,36.3
2026-02-23 22:53:10,61.7,96.3,18.8,4.1,37.3
2026-02-23 22:53:20,61.6,98.9,13,4.1,37.4
2026-02-23 22:53:30,61.3,96.1,19.6,3.7,36.8
2026-02-23 22:53:40,61.6,96.8,18.6,2,37.5
2026-02-23 22:53:50,63.5,95.2,19.5,4.7,36.4
2026-02-23 22:54:00,64.3,97.1,12.6,3.6,37.3
2026-02-23 22:54:10,62.7,95.7,18.9,4.2,37
2026-02-23 22:54:20,62,98.7,19.2,5,36.1
2026-02-23 22:54:30,62.7,99.8,13.9,4.5,36.5
2026-02-23 22:54:40,61,96,16.9,3.8,37
2026-02-23 22:54:50,63.1,96.4,18.4,4,36.4
2026-02-23 22:55:00,63.1,95.9,18.7,4.1,36.2
2026-02-23 22:55:10,64,97.1,19.6,3.6,37
2026-02-23 22:55:20,64.7,98,13.7,3.7,36.8
2026-02-23 22:55:30,61.9,99,12.5,2,36.5
2026-02-23 22:55:40,63.7,99.6,13.1,3.8,36.3
2026-02-23 22:55:50,62.8,97.1,14.5,2.1,36.7
2026-02-23 22:56:00,63.2,95.5,19.7,2.6,37.1
2026-02-23 22:56:10,64.4,99.9,14.6,3.1,37.3
2026-02-23 22:56:20,61,98.8,14.4,4.3,37.3
2026-02-23 22:56:30,61.2,99.6,15.3,3.4,37.2
2026-02-23 22:56:40,64.2,97.8,15.6,4.2,36.2
2026-02-23 22:56:50,61.8,99.5,15.1,4.5,36.1
2026-02-23 22:57:00,63.8,95.2,19.8,3.6,36.6
2026-02-23 22:57:10,61.7,97.9,19.2,3.5,36.7
2026-02-23 22:57:20,64.5,97.8,17.1,2.3,36.3
2026-02-23 22:57:30,62.8,98.3,13.9,2.4,37.4
2026-02-23 22:57:40,63.4,98.8,19.6,2.7,36.5
2026-02-23 22:57:50,63,95.3,17,2.8,37.4
2026-02-23 22:58:00,62.9,98.3,13.4,4.1,36.1
2026-02-23 22:58:10,60.9,97.9,14.9,4.2,37.4
2026-02-23 22:58:20,61.3,99.7,12.1,2.8,37
2026-02-23 22:58:30,62.9,95.7,18.6,2.3,37.1
2026-02-23 22:58:40,61.7,95.7,12.6,3.7,37.4
2026-02-23 22:58:50,61.1,96.2,19,4.5,36.4
2026-02-23 22:59:00,63.3,96.8,14.5,2.4,37.1
2026-02-23 22:59:10,64.1,95.8,19.3,4.5,36.3
2026-02-23 22:59:20,62.2,98.8,18.4,4.2,36.8
2026-02-23 22:59:30,61.5,96.3,13.5,5,36.1
2026-02-23 22:59:40,60.6,99,15.6,3.6,36.1
2026-02-23 22:59:50,63.1,99.6,19.7,2.8,37.2
2026-02-23 23:00:00,35.3,98.7,12.1,4.6,36.5
2026-02-23 23:00:10,64.3,99.6,19.2,2.5,37.2
2026-02-23 23:00:20,64.2,99,13.5,3.1,37
2026-02-23 23:00:30,62.7,97.1,13.8,2.3,37.3
2026-02-23 23:00:40,60.6,96.9,18.5,4.3,37.2
2026-02-23 23:00:50,62.7,97.2,12.4,2.4,36.2
2026-02-23 23:01:00,61.3,96,12.2,4.8,37.1
2026-02-23 23:01:10,64,99.3,15.8,4.7,36
2026-02-23 23:01:20,62.3,95.6,19,3.2,36.3
2026-02-23 23:01:30,62.6,98.3,16.4,4.3,37.3
2026-02-23 23:01:40,61.4,95.2,16.9,3,36.2
2026-02-23 23:01:50,62.6,96.3,15.4,3.5,37.3
2026-02-23 23:02:00,60.4,96.2,13.5,2.6,36.9
2026-02-23 23:02:10,63.3,98.3,12.6,2.8,36.6
2026-02-23 23:02:20,62.9,97,17.4,2.5,37.5
2026-02-23 23:02:30,61.3,98.5,17.9,2.8,36.4
2026-02-23 23:02:40,63.1,98.3,15,2.2,36.2
2026-02-23 23:02:50,62.1,97.7,18.4,3.6,36.5
2026-02-23 23:03:00,60.5,99.4,19.5,4.8,36.7
2026-02-23 23:03:10,63,98.2,18.4,3.7,36.5
2026-02-23 23:03:20,61.6,96.1,15.2,2.2,36.7
2026-02-23 23:03:30,60.2,97.4,17.9,3.7,37
2026-02-23 23:03:40,64,96.4,13.7,4.4,37.3
2026-02-23 23:03:50,60.7,95,19.7,4.3,36.7
2026-02-23 23:04:00,62.1,98.4,15.7,2.3,36.9
2026-02-23 23:04:10,64.1,99.7,18.2,2.7,37
2026-02-23 23:04:20,61.8,95.9,13.1,4,36.3
2026-02-23 23:04:30,63.8,97.9,12.6,4.9,36.3
2026-02-23 23:04:40,64,95.6,17.3,3.3,37.5
2026-02-23 23:04:50,63.9,95.7,14.7,5,37.1
2026-02-23 23:05:00,62.5,96.9,14.4,2.7,36
2026-02-23 23:05:10,62.7,96.8,17.5,3.7,36.1
2026-02-23 23:05:20,62.4,98.8,17.8,3.6,36.8
2026-02-23 23:05:30,63.7,95.8,14.3,3.7,36.9
2026-02-23 23:05:40,61.2,99.7,15.7,3.7,36.6
2026-02-23 23:05:50,61.1,98.6,19.4,4.2,36.6
2026-02-23 23:06:00,62,97.8,19.2,3.5,36.5
2026-02-23 23:06:10,62.4,97.1,16.1,2.5,36.6
2026-02-23 23:06:20,61.5,95.3,16.3,3,36.6
2026-02-23 23:06:30,60.6,97.3,14.4,2.8,37.5
2026-02-23 23:06:40,60.8,95.9,14.5,2.7,36.9
2026-02-23 23:06:50,63.5,97.1,14.3,3.3,36.9
2026-02-23 23:07:00,62.1,95.8,17.1,3.6,37.1
2026-02-23 23:07:10,63.2,96.9,14.1,4.1,37.4
2026-02-23 23:07:20,61.1,96.7,12.2,4.8,36.4
2026-02-23 23:07:30,63,97.6,14.5,2.1,36
2026-02-23 23:07:40,63,97,17.4,3.9,36.3
2026-02-23 23:07:50,63.2,96.4,12.9,4.3,37.1
2026-02-23 23:08:00,60.7,98.8,17.8,4.1,37.4
2026-02-23 23:08:10,63.7,99.2,17.3,4.2,36.8
2026-02-23 23:08:20,61.1,96.6,15.7,2.8,36.8
2026-02-23 23:08:30,60.8,95.1,16.4,4.6,36.1
2026-02-23 23:08:40,61.7,99,14.7,2,37.4
2026-02-23 23:08:50,59.9,99.2,12.9,4.9,36.3
2026-02-23 23:09:00,59.9,99.7,13.6,3.1,36.4
2026-02-23 23:09:10,61.4,97.8,14,2.8,36.1
2026-02-23 23:09:20,60,99.3,13.6,3.9,36.9
2026-02-23 23:09:30,63.2,100,15,2.5,36.4
2026-02-23 23:09:40,59.8,95.5,14.8,3.9,36.5
2026-02-23 23:09:50,60.3,95.6,16.9,3.9,36.4
2026-02-23 23:10:00,62.7,97.2,15.4,4.3,36
2026-02-23 23:10:10,62.8,96.5,17.7,2.9,36.4
2026-02-23 23:10:20,63.6,98.5,15.1,2.1,36.7
2026-02-23 23:10:30,61,96.7,12.5,3.8,36.7
2026-02-23 23:10:40,61.1,96.1,15.9,5,37.4
2026-02-23 23:10:50,63.4,99.4,14,2.6,36.1
2026-02-23 23:11:00,60.7,95.6,16.6,2.2,36.4
2026-02-23 23:11:10,61,97,15,3.3,36.2
2026-02-23 23:11:20,61.1,99.8,14.2,2.2,37
2026-02-23 23:11:30,61.9,97.3,17.3,4.2,36.8
2026-02-23 23:11:40,59.7,96.2,19.6,3.1,37
2026-02-23 23:11:50,62.6,96.2,18.1,2.7,36.5
2026-02-23 23:12:00,61.1,97,18.8,2,36.3
2026-02-23 23:12:10,60.6,99.9,14.6,4.8,36.8
2026-02-23 23:12:20,63.3,95.5,15.6,3.3,36
2026-02-23 23:12:30,61.1,95.2,18.6,2,36.7
2026-02-23 23:12:40,59.8,97.6,15.9,3.8,36.2
2026-02-23 23:12:50,60,95.7,19.4,3.5,37.1
2026-02-23 23:13:00,61.9,97.7,18.1,4.5,36.4
2026-02-23 23:13:10,59.7,95.2,17.9,2.7,37.4
2026-02-23 23:13:20,62.8,96.6,16.4,3.8,36.5
2026-02-23 23:13:30,62.6,97.7,13.8,3.9,36.4
2026-02-23 23:13:40,60.7,96.6,13,4.9,36.8
2026-02-23 23:13:50,60.7,97,13,3.4,36.4
2026-02-23 23:14:00,60.1,97.9,15,2.7,36.4
2026-02-23 23:14:10,62.8,95.2,17.3,4.8,37.1
2026-02-23 23:14:20,59.9,99.4,19.1,4.6,36.5
2026-02-23 23:14:30,63.1,95.4,15.7,4.5,36.7
2026-02-23 23:14:40,60.2,99.8,12.6,3.1,36.3
2026-02-23 23:14:50,62,97.3,18.7,4.7,37
2026-02-23 23:15:00,61.5,99.9,15.8,2,36.2
2026-02-23 23:15:10,60.9,98.7,17.4,2.4,37.1
2026-02-23 23:15:20,60.7,99.7,14.3,2.3,36.9
2026-02-23 23:15:30,61.8,96.6,15.4,4.4,37.2
2026-02-23 23:15:40,60.3,95.5,19,3.3,36.4
2026-02-23 23:15:50,60.7,97.5,15.9,3.5,37.1
2026-02-23 23:16:00,62.6,99.9,15.3,2.3,36.1
2026-02-23 23:16:10,60.6,95.1,17.3,4.1,36.1
2026-02-23 23:16:20,62.5,97.3,19.2,2.2,36.9
2026-02-23 23:16:30,59.5,97.1,13,3.9,37
2026-02-23 23:16:40,62.3,96.5,12.7,2.7,36.1
2026-02-23 23:16:50,62.1,97.3,17.4,4.3,37.3
2026-02-23 23:17:00,62,99.6,16.3,3.1,36.4
2026-02-23 23:17:10,59.6,95.2,12.3,4.6,36.5
2026-02-23 23:17:20,62.7,97.7,19.5,4.7,36.5
2026-02-23 23:17:30,59.1,99.2,18.3,3.8,36.2
2026-02-23 23:17:40,61.2,99.9,13.3,4.2,37.1
2026-02-23 23:17:50,60.7,98,19.5,4.4,36.2
2026-02-23 23:18:00,60.9,98.8,13.1,2,37.1
2026-02-23 23:18:10,60.2,95.4,19.5,4.2,37.5
2026-02-23 23:18:20,62.1,97.2,15.2,2.6,36.3
2026-02-23 23:18:30,59.3,96.6,19.6,4.7,36.8
2026-02-23 23:18:40,59.7,98.4,14.4,4.6,37.3
2026-02-23 23:18:50,62.4,98.8,18.4,2.7,36.8
2026-02-23 23:19:00,62.7,95.1,16.3,2.7,36.5
2026-02-23 23:19:10,60.3,97.2,15.4,2.8,37
2026-02-23 23:19:20,62.2,99.1,14.8,2.9,37.5
2026-02-23 23:19:30,60.3,96.9,16.5,2.8,36.8
2026-02-23 23:19:40,62.4,97.6,14.3,3.8,36.2
2026-02-23 23:19:50,60.8,98.9,13.4,4.7,36.7
2026-02-23 23:20:00,59.2,96.4,18.5,3.3,36.6
2026-02-23 23:20:10,61.3,99.3,16.8,2.3,36.2
2026-02-23 23:20:20,61.8,96.8,17.2,2.5,36.2
2026-02-23 23:20:30,60.5,98.6,12.1,2.7,36.8
2026-02-23 23:20:40,61.6,98.8,13.5,3.8,36.5
2026-02-23 23:20:50,59.4,99.2,14.4,2.6,36.7
2026-02-23 23:21:00,62.4,96.9,12.6,3.4,36.1
2026-02-23 23:21:10,58.8,98.1,18,4.2,36.8
2026-02-23 23:21:20,61.5,96.4,19.2,2.3,36.7
2026-02-23 23:21:30,61,95.2,16.6,3.9,37.2
2026-02-23 23:21:40,60,97.1,18.9,2.4,36.7
2026-02-23 23:21:50,60.3,96.3,16,2.9,36.3
2026-02-23 23:22:00,62,95.8,16.9,4,36.9
2026-02-23 23:22:10,61.6,95.5,13.5,4.4,37.4
2026-02-23 23:22:20,59.6,98.5,13.7,3.5,36.9
2026-02-23 23:22:30,61.7,99.6,18.7,2.8,36.3
2026-02-23 23:22:40,62,96.2,13.2,4.5,36.3
2026-02-23 23:22:50,60.5,98.5,13.8,2.3,36.8
2026-02-23 23:23:00,59.1,95.1,13.8,4.7,37.1
2026-02-23 23:23:10,61.4,97.7,16.1,3.6,36.5
2026-02-23 23:23:20,60.5,97.2,17.5,4.8,36.3
2026-02-23 23:23:30,59.7,99.3,12.5,3.3,36.7
2026-02-23 23:23:40,61.8,99.2,18.4,2.7,36.6
2026-02-23 23:23:50,62.2,97.3,19.2,4,36.9
2026-02-23 23:24:00,58.8,96.1,19.1,4.6,37.1
2026-02-23 23:24:10,60.1,98.6,13.8,2.6,37.4
2026-02-23 23:24:20,58.7,99,15.8,3.3,36.3
2026-02-23 23:24:30,62.3,98.8,16.2,4.6,37.4
2026-02-23 23:24:40,60,96.4,13,2,36.7
2026-02-23 23:24:50,58.5,95.1,13,4.4,36.3
2026-02-23 23:25:00,60.1,99.7,12.1,4.4,36.9
2026-02-23 23:25:10,59.2,98.4,14.1,3.1,37.3
2026-02-23 23:25:20,60.1,95.2,14,2.7,36.7
2026-02-23 23:25:30,58.8,97.9,16.7,2.6,37.2
2026-02-23 23:25:40,61.9,98.1,14.1,3.6,36.8
2026-02-23 23:25:50,62,97.7,15,4.4,37.1
2026-02-23 23:26:00,58.3,97.7,19,4.7,37.4
2026-02-23 23:26:10,62.3,98.3,15.2,2.1,36.6
2026-02-23 23:26:20,60.9,95.9,15.1,3.7,37
2026-02-23 23:26:30,61.6,95.9,12.1,2.9,36.6
2026-02-23 23:26:40,58.5,96.3,12,4,37.2
2026-02-23 23:26:50,58.4,97.5,17.9,5,36.3
2026-02-23 23:27:00,61.5,95.8,16.5,3.3,36.3
2026-02-23 23:27:10,61.2,99.1,15.9,2.6,36.5
2026-02-23 23:27:20,58.5,98.3,16,3.5,37.2
2026-02-23 23:27:30,62,99.6,12.5,4.1,37.3
2026-02-23 23:27:40,61,97.2,19.1,3.5,37.1
2026-02-23 23:27:50,58.3,96.4,15,4.5,37.3
2026-02-23 23:28:00,59.7,98.9,16.5,3.5,37.2
2026-02-23 23:28:10,62.1,99.4,19.9,2.2,37.2
2026-02-23 23:28:20,59.3,99.2,14.1,2.9,36.2
2026-02-23 23:28:30,61.9,96.9,15.9,3.3,36.5
2026-02-23 23:28:40,60.8,96.3,18.3,2.8,36.2
2026-02-23 23:28:50,60.8,95.7,14.4,3.4,37
2026-02-23 23:29:00,59.7,99.2,19.6,3.7,36.8
2026-02-23 23:29:10,60.6,99.5,19.4,4.8,37.2
2026-02-23 23:29:20,60.4,97.4,16.5,3.2,37.1
2026-02-23 23:29:30,61.7,99.6,12.1,4.1,36.7
2026-02-23 23:29:40,59.6,95.8,19.5,4.3,37.4
2026-02-23 23:29:50,61.4,97.7,19.3,2.3,36.2
2026-02-23 23:30:00,113.7,97.2,14,4,36.2
2026-02-23 23:30:10,59.7,96.4,16.7,4.7,37.4
2026-02-23 23:30:20,61.2,95,19.2,2.7,36
2026-02-23 23:30:30,61.6,99,16,2.8,37.2
2026-02-23 23:30:40,58.6,96.1,16.3,3.5,36.1
2026-02-23 23:30:50,60.5,99.9,16.9,4.9,37.2
2026-02-23 23:31:00,60.9,96.7,19.9,3.2,36.3
2026-02-23 23:31:10,61.6,99.3,15.7,2.1,37.3
2026-02-23 23:31:20,61.3,99.8,16.5,3.8,37.3
2026-02-23 23:31:30,60.9,99.9,15.2,3.4,37.2
2026-02-23 23:31:40,58.2,98,14.9,3.8,37
2026-02-23 23:31:50,59.1,95.6,19.7,3.3,37
2026-02-23 23:32:00,60.7,97.1,18.9,2.3,36.6
2026-02-23 23:32:10,61.3,99.1,16.5,2.2,36.7
2026-02-23 23:32:20,59,98.4,14,3.7,37
2026-02-23 23:32:30,60.4,98.6,18.4,3.7,36.8
2026-02-23 23:32:40,60.9,95,12.4,4,36.5
2026-02-23 23:32:50,59.7,96.9,15.8,4.5,37.1
2026-02-23 23:33:00,58.8,97.9,13.9,4.3,36.8
2026-02-23 23:33:10,60.6,97,17.4,4.7,37.3
2026-02-23 23:33:20,57.8,96.1,12.7,2.3,37.3
2026-02-23 23:33:30,58.2,99.1,13.4,4.5,36.8
2026-02-23 23:33:40,60.6,96.6,12.1,2.5,36.9
2026-02-23 23:33:50,58.3,98.1,19,4.1,37
2026-02-23 23:34:00,58.7,96.8,19.9,4.8,36.3
2026-02-23 23:34:10,58.5,95.2,18.9,2.5,36.1
2026-02-23 23:34:20,61.5,99.5,13.9,3.9,36.6
2026-02-23 23:34:30,60,98.8,15.6,3.5,36.4
2026-02-23 23:34:40,61.5,96.1,15.9,4.1,36.7
2026-02-23 23:34:50,58.2,99.5,13.7,4.5,36.6
2026-02-23 23:35:00,58.7,96.1,19.3,3.8,36.2
2026-02-23 23:35:10,58,97.2,13.8,2.7,37.4
2026-02-23 23:35:20,57.7,99.5,16.3,2.8,36.2
2026-02-23 23:35:30,58.1,98.3,17.4,4.5,37
2026-02-23 23:35:40,61,96.6,17.9,2.8,37.2
2026-02-23 23:35:50,59.8,95.1,18.8,3.6,36.5
2026-02-23 23:36:00,60.6,95.5,13.4,4.7,37.1
2026-02-23 23:36:10,58.2,96.4,14.7,3.5,36.5
2026-02-23 23:36:20,58.7,97.6,12.3,3.6,36.6
2026-02-23 23:36:30,58.2,95.2,17.8,2.4,37
2026-02-23 23:36:40,57.6,99.5,15.6,4.8,36.9
2026-02-23 23:36:50,58.6,97.3,20,3.1,36
2026-02-23 23:37:00,60.1,95.5,13.5,2.8,37
2026-02-23 23:37:10,58.3,98.9,18.8,2.5,36.4
2026-02-23 23:37:20,60.7,96.3,18.9,4.9,37.1
2026-02-23 23:37:30,60.1,99,16.1,2.7,36.2
2026-02-23 23:37:40,58.9,98.4,17.3,3.9,36.3
2026-02-23 23:37:50,57.7,95.6,15.3,3.7,37.2
2026-02-23 23:38:00,60.7,99.2,19.2,4.8,37
2026-02-23 23:38:10,57.9,96.8,19.5,3.8,37.2
2026-02-23 23:38:20,59.8,96.3,19,4.8,36
2026-02-23 23:38:30,57.4,99.9,14.1,2.8,37
2026-02-23 23:38:40,57.7,97.1,13.1,4.4,37.4
2026-02-23 23:38:50,59.5,99.3,18.1,4.3,36
2026-02-23 23:39:00,60.1,95.6,15.9,2.9,36.1
2026-02-23 23:39:10,60.3,98.8,19.7,3.4,36.1
2026-02-23 23:39:20,59.8,99.5,15.5,2.9,37
2026-02-23 23:39:30,60.6,95.5,12.6,3.8,36.5
2026-02-23 23:39:40,61.2,99.7,19.9,3,36.1
2026-02-23 23:39:50,58.3,96.8,17.2,3.5,37.2
2026-02-23 23:40:00,59,98.2,16.7,3.3,36.8
2026-02-23 23:40:10,59.2,97.1,15.4,4.3,37.3
2026-02-23 23:40:20,60.7,99.5,15.6,2.2,37.5
2026-02-23 23:40:30,58.9,99.2,14.1,3.3,37.4
2026-02-23 23:40:40,60.9,97.7,12.3,2.2,36.8
2026-02-23 23:40:50,60.7,96.3,16.8,4.4,37.1
2026-02-23 23:41:00,58.8,98.7,19.7,4.3,36.1
2026-02-23 23:41:10,57.8,98,14.6,4.4,37.3
2026-02-23 23:41:20,59.9,98.9,15.9,4,36
2026-02-23 23:41:30,58.5,99.5,15.8,3.3,37.3
2026-02-23 23:41:40,57.9,97.3,15.5,4.2,37
2026-02-23 23:41:50,60.3,99.8,19.7,2.9,36.8
2026-02-23 23:42:00,58.7,99.5,12.2,3.9,36.4
2026-02-23 23:42:10,59.4,96.9,14.9,3.3,37
2026-02-23 23:42:20,59.2,95,12.1,4.7,36.3
2026-02-23 23:42:30,59,99.9,15,2.6,36.9
2026-02-23 23:42:40,57.5,98.8,15,2.3,37.2
2026-02-23 23:42:50,58.1,96.4,16,4.6,37.5
2026-02-23 23:43:00,59.6,98.9,14.6,4.5,37.1
2026-02-23 23:43:10,59.2,99.4,12.2,4.2,36.7
2026-02-23 23:43:20,57.6,97.1,13.8,2.2,36.7
2026-02-23 23:43:30,60.3,96.8,12.7,3.8,36.2
2026-02-23 23:43:40,56.9,96.4,19.4,3.2,37.1
2026-02-23 23:43:50,60.4,98.8,17,3.6,37.3
2026-02-23 23:44:00,58.7,99.3,16.3,2.4,37
2026-02-23 23:44:10,57.6,96.9,18.6,3.3,37
2026-02-23 23:44:20,58.6,95.5,14.7,3.6,36
2026-02-23 23:44:30,58.2,96.6,14.1,3.1,37.4
2026-02-23 23:44:40,58.4,97.7,16.8,3.8,36.3
2026-02-23 23:44:50,59.9,100,18,3.9,36.3
2026-02-23 23:45:00,57.7,99.8,17.6,2.7,37.3
2026-02-23 23:45:10,60.2,99.9,15.2,3.9,37.2
2026-02-23 23:45:20,57.4,99.1,19.9,2.4,36.4
2026-02-23 23:45:30,57.5,95.1,18.4,4.5,36.8
2026-02-23 23:45:40,60.1,97.4,18.1,4.2,36.4
2026-02-23 23:45:50,57.6,96.3,12.5,4.1,36.7
2026-02-23 23:46:00,57.3,97.2,17.5,4.7,36.4
2026-02-23 23:46:10,58.5,95.9,17.1,2.6,36.7
2026-02-23 23:46:20,58.1,96.4,14.3,2.6,36.4
2026-02-23 23:46:30,57.7,96,19,4.3,37
2026-02-23 23:46:40,58.2,95.3,12.7,4.6,36.1
2026-02-23 23:46:50,59.5,98,16.1,4.5,37.2
2026-02-23 23:47:00,57.6,97.9,16.9,3.8,36.2
2026-02-23 23:47:10,57.1,96.9,18.3,4.6,37.3
2026-02-23 23:47:20,58,97.7,14.7,3.2,37.2
2026-02-23 23:47:30,59.6,99.6,16.8,2,36.7
2026-02-23 23:47:40,58.5,99.7,16.8,3.3,37.2
2026-02-23 23:47:50,60.4,95.6,14.1,2.8,37.4
2026-02-23 23:48:00,60,98,15.1,4.9,37.3
2026-02-23 23:48:10,59.1,98.4,14.1,4.4,37.2
2026-02-23 23:48:20,58.1,97.9,18.1,2.5,36.1
2026-02-23 23:48:30,59.8,96,17.8,2.5,37.2
2026-02-23 23:48:40,59.3,97.6,15.5,3.3,36.3
2026-02-23 23:48:50,56.5,96,12.5,2.1,37.2
2026-02-23 23:49:00,59.2,98,19.3,4.9,37
2026-02-23 23:49:10,57.7,98.5,19.7,2,37.2
2026-02-23 23:49:20,56.7,95.6,15.8,4.3,37.3
2026-02-23 23:49:30,57.6,97.2,17,2.3,37.1
2026-02-23 23:49:40,57.1,98.1,19.6,3.2,36.4
2026-02-23 23:49:50,57.9,96.3,17.2,2.4,37
2026-02-23 23:50:00,56.5,95.1,16.8,2.9,36.6
2026-02-23 23:50:10,56.4,98.4,19.4,2.4,36.4
2026-02-23 23:50:20,57.6,99.4,18.6,2.5,36.3
2026-02-23 23:50:30,59.8,96.6,14.3,2.4,36.2
2026-02-23 23:50:40,58,98.7,13.5,3.8,37.4
2026-02-23 23:50:50,56.4,99.7,12,3.9,37
2026-02-23 23:51:00,59.4,99.3,13.2,3.3,37.3
2026-02-23 23:51:10,56.5,97.4,13.5,2.1,37.2
2026-02-23 23:51:20,56.9,99.5,13.9,2.2,37.4
2026-02-23 23:51:30,57.2,95.7,12.8,3.5,37.2
2026-02-23 23:51:40,56.5,98.8,13.4,3.3,37.2
2026-02-23 23:51:50,58.8,97.1,16.3,4.2,36.5
2026-02-23 23:52:00,57.5,98.4,15.5,3.5,37.2
2026-02-23 23:52:10,59.4,98.9,18.2,4.1,37.4
2026-02-23 23:52:20,57.5,99.1,17.2,4.8,36.1
2026-02-23 23:52:30,57.9,97.1,13.3,4,37
2026-02-23 23:52:40,57.1,95,19,2.6,37.2
2026-02-23 23:52:50,56.7,96.1,19.9,3.5,36.5
2026-02-23 23:53:00,56.6,98.1,18.6,2,36.7
2026-02-23 23:53:10,58.5,98.9,13.6,3.2,37.4
2026-02-23 23:53:20,57.2,97.1,14.9,2.4,36.8
2026-02-23 23:53:30,56.5,95,12.1,3.3,36.2
2026-02-23 23:53:40,56.9,98.9,16.1,3,37.4
2026-02-23 23:53:50,56.7,97.7,15.3,4.2,36.3
2026-02-23 23:54:00,56.7,96.4,14.3,4.6,37.1
2026-02-23 23:54:10,59.6,95.7,17.8,3.6,37.1
2026-02-23 23:54:20,58.2,98.5,14.7,2.1,36.8
2026-02-23 23:54:30,58.7,99,17.8,2.2,36.2
2026-02-23 23:54:40,57.3,97.3,12.9,3,36
2026-02-23 23:54:50,58.4,97.8,16.9,3.2,36
2026-02-23 23:55:00,56.6,96.8,20,3,37
2026-02-23 23:55:10,58.5,98.9,12.5,4.7,36.4
2026-02-23 23:55:20,56.2,97.5,19.8,3.3,36.4
2026-02-23 23:55:30,59.5,97.7,16.5,3.6,36.8
2026-02-23 23:55:40,56.7,98.6,17.1,4.3,36.8
2026-02-23 23:55:50,59,98.9,16,2.8,36.1
2026-02-23 23:56:00,56.6,98.2,18.2,4.8,36.7
2026-02-23 23:56:10,57.5,97.5,18.5,2.6,37.2
2026-02-23 23:56:20,59.6,97.6,18.7,4.2,36.2
2026-02-23 23:56:30,58.5,99.9,13.4,4.4,36.5
2026-02-23 23:56:40,57.5,96.1,19.6,2.9,36.7
2026-02-23 23:56:50,57.7,96.3,14.5,4.3,36.5
2026-02-23 23:57:00,56,96,13.8,2.3,36.2
2026-02-23 23:57:10,57.5,99.9,17.5,2.9,36.6
2026-02-23 23:57:20,56.1,97.2,13.9,2.3,36.1
2026-02-23 23:57:30,57.6,98.6,17.6,2.8,36
2026-02-23 23:57:40,56,97,12.5,2.6,37.3
2026-02-23 23:57:50,55.9,98.2,14,2.7,37.3
2026-02-23 23:58:00,58.4,97.4,15.4,4.9,37.2
2026-02-23 23:58:10,56.7,97.2,14.1,2.5,36.2
2026-02-23 23:58:20,57.6,96.1,18.6,3.2,37.4
2026-02-23 23:58:30,57.4,96.7,12.5,3.2,36.6
2026-02-23 23:58:40,55.7,97.3,14.8,3.3,37.2
2026-02-23 23:58:50,56.9,96,16.8,3.8,36
2026-02-23 23:59:00,55.9,98.2,15.7,2.8,36.3
2026-02-23 23:59:10,57.8,97.5,18.7,2.6,36.6
2026-02-23 23:59:20,56.1,97.2,14.7,3.2,37
2026-02-23 23:59:30,58,99.4,15.3,3,36.6
2026-02-23 23:59:40,56,98.8,14.6,2.7,36.8
2026-02-23 23:59:50,57.5,95.2,14.3,4.5,37.2
2026-02-24 00:00:00,42.3,95.8,15,4.1,36.2
2026-02-24 00:00:10,60.4,98.7,13.5,4.8,36.1
2026-02-24 00:00:20,57.3,95.2,13,5,37.3
2026-02-24 00:00:30,60.4,96.8,15.9,2.3,36.5
2026-02-24 00:00:40,58.4,96.9,16.5,4,36.4
2026-02-24 00:00:50,59.4,95.5,13.5,2.3,37.4
2026-02-24 00:01:00,59.3,96.9,18.9,2.3,37.3
2026-02-24 00:01:10,58.4,98.5,18.5,4.4,37.2
2026-02-24 00:01:20,57.8,98.1,18.2,3.9,36.7
2026-02-24 00:01:30,58.1,95.9,19.8,2.8,36.7
2026-02-24 00:01:40,59.6,99.9,16.2,2.4,37.2
2026-02-24 00:01:50,60.4,98.4,12.9,2.6,36.8
2026-02-24 00:02:00,60.2,99.4,12.7,3.2,36.4
2026-02-24 00:02:10,56.9,99.3,15.8,4.1,36.7
2026-02-24 00:02:20,60.2,97.2,16.1,4.7,36.4
2026-02-24 00:02:30,59.3,97.8,15.7,2.7,36.9
2026-02-24 00:02:40,59.1,97.1,16.8,2.6,36.1
2026-02-24 00:02:50,60.7,97.1,17.8,2.6,36.6
2026-02-24 00:03:00,58.2,97.8,14.4,4.4,36.4
2026-02-24 00:03:10,56.9,95.6,18.2,4.8,36.2
2026-02-24 00:03:20,58.7,97,13.5,2.9,36.3
2026-02-24 00:03:30,57.6,96.3,18.6,3.9,37.5
2026-02-24 00:03:40,57.5,97.2,18.9,3.7,36.3
2026-02-24 00:03:50,58.9,96.6,13.8,2.3,36.5
2026-02-24 00:04:00,58.5,95.3,17.8,3.4,37.4
2026-02-24 00:04:10,57.5,98.6,12.8,3.7,37
2026-02-24 00:04:20,60.4,96.2,16.3,3.4,37.5
2026-02-24 00:04:30,60.1,95.9,18,4.2,36.4
2026-02-24 00:04:40,59.6,98.5,19.6,2.7,37.5
2026-02-24 00:04:50,60.4,97.1,19.9,4.4,36.3
2026-02-24 00:05:00,58.7,96.5,12.3,4.2,37.4
2026-02-24 00:05:10,57.5,96.3,16.5,2.7,36.8
2026-02-24 00:05:20,57.2,95.1,19.1,2.9,36.8
2026-02-24 00:05:30,59.5,96,12.2,2.7,36.4
2026-02-24 00:05:40,57,97.4,19.4,3.7,36.4
2026-02-24 00:05:50,60.3,97.8,14.9,3.8,36.6
2026-02-24 00:06:00,60.2,95.3,13.4,4.4,37.2
2026-02-24 00:06:10,58.4,99.4,19.7,2.4,36.8
2026-02-24 00:06:20,58.1,98.1,18,3.1,37
2026-02-24 00:06:30,59.4,95.8,15.4,3.3,36.7
2026-02-24 00:06:40,56.8,97,18.1,4.9,37.3
2026-02-24 00:06:50,57.1,96,19.4,4.5,36.8
2026-02-24 00:07:00,57.4,98.4,12,3.7,37.2
2026-02-24 00:07:10,58.8,96.3,19,4.6,36.2
2026-02-24 00:07:20,58.6,96,19.1,2.7,36.8
2026-02-24 00:07:30,59.3,95.7,16,2.3,37.2
2026-02-24 00:07:40,58.9,97.4,16.7,3.8,37
2026-02-24 00:07:50,57.9,98.2,17.8,2.3,37.1
2026-02-24 00:08:00,60.2,98.2,17.7,3.8,37.4
2026-02-24 00:08:10,58.6,99.9,15.7,4.7,37.2
2026-02-24 00:08:20,56.9,97,18.6,3.7,37.2
2026-02-24 00:08:30,59.8,98.9,18.9,3.5,37.5
2026-02-24 00:08:40,60.1,96.6,16.5,3.4,36.3
2026-02-24 00:08:50,59.4,97.9,15.2,3.1,37.3
2026-02-24 00:09:00,58.6,99.2,17.6,4.1,36.4
2026-02-24 00:09:10,58.4,99.5,16.3,2.9,36.8
2026-02-24 00:09:20,58.3,98.9,14,4.4,36.4
2026-02-24 00:09:30,59.2,99.7,15.5,4.9,36.9
2026-02-24 00:09:40,59.3,99,13.3,3.8,36.4
2026-02-24 00:09:50,57.4,97.6,17.4,4.4,37.4
2026-02-24 00:10:00,59.3,95,18.8,3,37.1
2026-02-24 00:10:10,57.6,95.5,19,2.4,37.1
2026-02-24 00:10:20,57.5,98.9,13.4,3.8,36.4
2026-02-24 00:10:30,59.6,98.9,20,3.6,36.4
2026-02-24 00:10:40,56.8,99.1,15.2,2.7,37
2026-02-24 00:10:50,59.5,97.3,19.5,4,37.5
2026-02-24 00:11:00,57.4,98.1,12.2,3.5,36.6
2026-02-24 00:11:10,59.5,98.8,13.3,2.7,36.2
2026-02-24 00:11:20,56.6,95.7,18.3,4.5,37.5
2026-02-24 00:11:30,59.8,99.6,19,4.4,37
2026-02-24 00:11:40,60.4,99.1,17.3,4.2,37
2026-02-24 00:11:50,60.2,97.6,19.4,2.8,36.4
2026-02-24 00:12:00,56.7,97.1,18,4.9,37.3
2026-02-24 00:12:10,60,98.5,18,4.7,36.5
2026-02-24 00:12:20,57.4,96.8,13.1,4.3,37.2
2026-02-24 00:12:30,57.5,95.8,17.2,3.9,36.3
2026-02-24 00:12:40,58.2,97.5,15.6,3.5,36.9
2026-02-24 00:12:50,60.3,98.9,19.6,4,36.4
2026-02-24 00:13:00,57.9,95.4,17.2,3,36.5
2026-02-24 00:13:10,59.3,97.8,16.9,4.6,36.7
2026-02-24 00:13:20,58.9,99.7,15.8,2.3,36.2
2026-02-24 00:13:30,56.7,98.7,15.4,2.3,36.1
2026-02-24 00:13:40,59.5,95.4,15.2,4.4,36.7
2026-02-24 00:13:50,58.4,98.5,19,4.8,36.6
2026-02-24 00:14:00,56.8,98.8,14,3.9,36.9
2026-02-24 00:14:10,57,96.8,13.9,2,36.7
2026-02-24 00:14:20,57.7,98.3,13.9,2.6,36.2
2026-02-24 00:14:30,58.8,98.7,15.1,2.2,37
2026-02-24 00:14:40,57.9,99.2,13.5,2.3,36
2026-02-24 00:14:50,60.5,96.4,19.8,3.7,37.4
2026-02-24 00:15:00,60.4,98.2,12,4.3,36.3
2026-02-24 00:15:10,57.8,99.5,15.3,2.2,36.6
2026-02-24 00:15:20,59.2,95.1,18.7,3.9,36.9
2026-02-24 00:15:30,58.5,96.7,12.9,4.4,36.4
2026-02-24 00:15:40,58.3,95.5,18.6,4.7,36.7
2026-02-24 00:15:50,58.8,97.6,13.9,3.4,36.1
2026-02-24 00:16:00,56.6,97.7,18.5,3.5,36.8
2026-02-24 00:16:10,58.1,98.1,16.2,2.2,36.2
2026-02-24 00:16:20,59.5,99,17.2,5,36.8
2026-02-24 00:16:30,56.6,99.9,15.6,4,37.3
2026-02-24 00:16:40,59.8,96.2,14.4,4.7,37
2026-02-24 00:16:50,58.8,99.3,17.8,4,36.2
2026-02-24 00:17:00,58.2,98.3,19.9,2.5,37.2
2026-02-24 00:17:10,60.1,99.4,16.2,2.4,36.6
2026-02-24 00:17:20,58,96.5,18.9,2.8,36.2
2026-02-24 00:17:30,58.2,96.6,14.4,2.6,37.1
2026-02-24 00:17:40,56.6,96.6,19.4,3.7,36.9
2026-02-24 00:17:50,57.2,99.1,12.3,2.6,36.5
2026-02-24 00:18:00,58.7,95.1,15.4,2.5,36.5
2026-02-24 00:18:10,60.1,98.4,14.3,4.1,36.2
2026-02-24 00:18:20,57.6,97.6,13.4,4,36.8
2026-02-24 00:18:30,57.7,96.1,15.2,5,36.6
2026-02-24 00:18:40,57.9,97.3,18,3.6,36.4
2026-02-24 00:18:50,56.8,99.5,20,2.3,36.2
2026-02-24 00:19:00,59.3,98.8,15.8,3.5,37.3
2026-02-24 00:19:10,57.3,96.2,17.3,4.1,36
2026-02-24 00:19:20,59.3,100,13,4.7,37.2
2026-02-24 00:19:30,58.7,96.2,18.6,2.6,36.4
2026-02-24 00:19:40,59.5,98.9,17.3,2.4,37.1
2026-02-24 00:19:50,59.5,98,15.5,4.5,36.7
2026-02-24 00:20:00,58.2,97,14,2.3,36.5
2026-02-24 00:20:10,58.8,96.7,19.4,4.6,36.6
2026-02-24 00:20:20,56.6,98.6,18.9,4.3,37
2026-02-24 00:20:30,59.6,97.1,16,3.6,37.4
2026-02-24 00:20:40,57.5,97.3,17.6,4.1,37.3
2026-02-24 00:20:50,56.5,96.2,18.5,2,36.4
2026-02-24 00:21:00,57.3,98,16.1,3,37.1
2026-02-24 00:21:10,60.1,97.4,19.5,4.1,36.7
2026-02-24 00:21:20,58.5,96.5,16.8,2.4,37.3
2026-02-24 00:21:30,58.4,98.1,15.4,3.3,36.1
2026-02-24 00:21:40,56.6,97.9,17.5,4.8,36.4
2026-02-24 00:21:50,57.7,99.3,15.6,2.2,37
2026-02-24 00:22:00,59.1,97.9,14.4,2.4,36.4
2026-02-24 00:22:10,58.8,97.2,18,2.3,36.9
2026-02-24 00:22:20,60.3,96.3,19.3,3.5,37.2
2026-02-24 00:22:30,57.7,99.9,13.6,2.8,36.8
2026-02-24 00:22:40,58.1,99.6,18,2.4,36
2026-02-24 00:22:50,58.4,98.3,16.6,2.3,36.7
2026-02-24 00:23:00,59.8,95.9,13.2,2.9,36.1
2026-02-24 00:23:10,58.9,99.8,17.4,5,36.7
2026-02-24 00:23:20,59.1,96.7,14.1,5,36.9
2026-02-24 00:23:30,58.4,95.5,12.8,4.4,36.8
2026-02-24 00:23:40,58.7,99.6,15.7,2.6,37.3
2026-02-24 00:23:50,58.9,99,17.6,3.5,37.4
2026-02-24 00:24:00,58.1,96.4,18.3,4.8,36.1
2026-02-24 00:24:10,58.9,96.7,16.7,2.5,36.3
2026-02-24 00:24:20,57.7,99.7,14.8,2.7,37.1
2026-02-24 00:24:30,58,98.6,18.1,4.4,36.8
2026-02-24 00:24:40,58.7,95.3,15.3,4.2,36.9
2026-02-24 00:24:50,57.1,98.2,12.9,3.8,36.9
2026-02-24 00:25:00,56.9,96.5,13.3,2.2,37.2
2026-02-24 00:25:10,57,99.6,15.4,4.5,37.2
2026-02-24 00:25:20,59.4,98.2,17.8,3.3,36.1
2026-02-24 00:25:30,59.3,97.5,18.2,4.6,37.2
2026-02-24 00:25:40,57.9,95.7,17.1,4.7,36.4
2026-02-24 00:25:50,56.7,98.4,14.5,5,37.2
2026-02-24 00:26:00,58.8,95.1,18.3,2.7,36.5
2026-02-24 00:26:10,59.6,99.6,13.5,2.6,36.5
2026-02-24 00:26:20,56.5,96.7,12.7,3.6,37.1
2026-02-24 00:26:30,56.7,98.9,16,3.8,37.5
2026-02-24 00:26:40,60,99.8,12.4,3.3,36.7
2026-02-24 00:26:50,59.3,98.9,17.8,4.5,37
2026-02-24 00:27:00,56.6,95.7,18.3,4.7,36.2
2026-02-24 00:27:10,58.8,99.5,14.3,4.9,36.3
2026-02-24 00:27:20,58.1,96.8,16.3,4.2,36.7
2026-02-24 00:27:30,60,97.6,15.9,2.1,36.4
2026-02-24 00:27:40,57.5,99,13.5,2.2,37.2
2026-02-24 00:27:50,57.1,97.1,18.5,3.1,36.8
2026-02-24 00:28:00,56.3,97.1,18.9,2.9,36.4
2026-02-24 00:28:10,59.8,99.8,16.5,3.2,36.5
2026-02-24 00:28:20,58.4,95.9,18.4,2.5,37.4
2026-02-24 00:28:30,57.1,99.2,18.3,3.6,36.2
2026-02-24 00:28:40,57.1,99,15,2.2,36.2
2026-02-24 00:28:50,56.9,95.3,18.4,4.5,37.1
2026-02-24 00:29:00,58.6,97.7,15.1,4.4,37.3
2026-02-24 00:29:10,58.1,99.8,12.7,4.8,37.3
2026-02-24 00:29:20,56.8,97.6,16.7,2.4,36.2
2026-02-24 00:29:30,58,97,18.8,4.4,36.7
2026-02-24 00:29:40,60,98.4,17.1,2.2,36.6
2026-02-24 00:29:50,58.7,98.5,16.2,2.5,37
2026-02-24 00:30:00,123.5,96.9,18,3.7,37
2026-02-24 00:30:10,57.1,98.8,14.6,2.3,36.2
2026-02-24 00:30:20,58,95.1,17.5,4.6,36.2
2026-02-24 00:30:30,59.6,97.7,19.1,3.7,37.2
2026-02-24 00:30:40,58.7,95.9,14.7,3.5,36
2026-02-24 00:30:50,60.1,97.4,15.4,3.5,37.5
2026-02-24 00:31:00,59.7,99.9,14.8,4.1,36.8
2026-02-24 00:31:10,57.3,96.9,13.5,3,36.5
2026-02-24 00:31:20,57.6,95.8,12.2,4.6,36.1
2026-02-24 00:31:30,59.2,95.7,13.5,4.4,36.3
2026-02-24 00:31:40,60.1,99.3,15.1,3.6,36.4
2026-02-24 00:31:50,57.8,95.8,13.4,4.5,36.4
2026-02-24 00:32:00,56.6,95.8,19.1,3.3,37.4
2026-02-24 00:32:10,57.4,99.2,15.4,3.8,37.4
2026-02-24 00:32:20,58.6,95.5,12.9,2.7,36.7
2026-02-24 00:32:30,57.7,97.8,14.1,3,36.4
2026-02-24 00:32:40,57,99.5,13.6,4.1,36.3
2026-02-24 00:32:50,57.7,99,18,4.6,37.4
2026-02-24 00:33:00,59.6,99.7,14.8,3.1,36.1
2026-02-24 00:33:10,59.6,95.4,12,2.4,37.4
2026-02-24 00:33:20,57,95.4,18,3.2,37
2026-02-24 00:33:30,57.1,97.5,14,4.6,36.3
2026-02-24 00:33:40,59.6,95.6,15.9,3.5,36.4
2026-02-24 00:33:50,58.1,96.6,16.5,3.8,37.5
2026-02-24 00:34:00,59.9,96,13.2,4.1,36.6
2026-02-24 00:34:10,59.8,98,15.3,2,36.1
2026-02-24 00:34:20,59.2,97.1,15.8,3,37.4
2026-02-24 00:34:30,57.3,99.8,18.3,3,36.4
2026-02-24 00:34:40,57.3,96.9,18.8,3.4,37
2026-02-24 00:34:50,57.7,97.6,13.5,2.3,36.1
2026-02-24 00:35:00,56.3,97.3,13.6,3.4,36.5
2026-02-24 00:35:10,59.2,98.2,18,3.6,36.4
2026-02-24 00:35:20,56.5,98.2,19.6,2.8,36.6
2026-02-24 00:35:30,58,97.8,13.8,3.1,36.5
2026-02-24 00:35:40,57.3,98.3,13.6,4.3,37.4
2026-02-24 00:35:50,58.3,98.5,14.9,4.3,36.3
2026-02-24 00:36:00,57.4,100,17.6,2.9,37
2026-02-24 00:36:10,56.3,97.9,17.5,4.7,37
2026-02-24 00:36:20,57.3,99,19.1,4.3,36
2026-02-24 00:36:30,58.7,97.9,13.2,2.4,36.1
2026-02-24 00:36:40,59.1,95.1,16.7,3,36.6
2026-02-24 00:36:50,56.5,98.6,15.1,3.1,36.6
2026-02-24 00:37:00,56.8,97.8,13.3,2.8,36.6
2026-02-24 00:37:10,59.6,98.7,14.2,4.9,36.9
2026-02-24 00:37:20,56.7,99.3,16.7,3.5,37.1
2026-02-24 00:37:30,57,99.4,13.8,2.4,37.1
2026-02-24 00:37:40,58.6,97.6,15.8,2.1,37.4
2026-02-24 00:37:50,57.1,99.4,14.6,3.9,37.3
2026-02-24 00:38:00,58.7,99,12.2,4.2,36.4
2026-02-24 00:38:10,59.6,97.4,13.7,3.6,36.3
2026-02-24 00:38:20,59.8,96.3,14.1,4.4,36.9
2026-02-24 00:38:30,59.4,95.1,16.2,4.8,37
2026-02-24 00:38:40,58.3,99.5,14.5,2.1,36.5
2026-02-24 00:38:50,58.3,96.7,19.5,3,36.5
2026-02-24 00:39:00,58.1,98.5,16.7,4.5,36.9
2026-02-24 00:39:10,56.9,98.6,16.4,2.8,37.4
2026-02-24 00:39:20,59,96.5,12,3.5,37.3
2026-02-24 00:39:30,57.6,99.3,14.9,2.8,36.2
2026-02-24 00:39:40,56.8,97.8,15.6,4.5,36
2026-02-24 00:39:50,57.3,97.6,12.9,3.8,37.3
2026-02-24 00:40:00,59.7,99.8,12.8,3.6,37
2026-02-24 00:40:10,57.7,99,18.3,4.5,36.9
2026-02-24 00:40:20,59.3,96.7,18.9,4.5,36.9
2026-02-24 00:40:30,57.1,98.5,16.5,3.2,36.5
2026-02-24 00:40:40,57.4,95.3,13.3,2.3,37.1
2026-02-24 00:40:50,59.5,95.6,17.1,2.8,36.8
2026-02-24 00:41:00,56,99.7,19.7,3.3,37.2
2026-02-24 00:41:10,59.2,97.3,12.2,4.9,37.2
2026-02-24 00:41:20,58.9,99,19.1,4.2,36.5
2026-02-24 00:41:30,59,95.1,19.3,2.4,37.1
2026-02-24 00:41:40,56.3,95,17.4,4.9,36.5
2026-02-24 00:41:50,57.8,95.6,14.9,4,37.1
2026-02-24 00:42:00,59.5,99.2,14.6,2,36.3
2026-02-24 00:42:10,56.3,95,12.2,5,37
2026-02-24 00:42:20,59.6,95.3,17,3,36.2
2026-02-24 00:42:30,59.8,95.4,14.1,3.2,36.8
2026-02-24 00:42:40,57.3,95.9,16.9,2.4,36.4
2026-02-24 00:42:50,58.3,98.5,16.1,2.4,36.3
2026-02-24 00:43:00,57.5,97.2,16.8,2.2,36.4
2026-02-24 00:43:10,58.2,96.3,15.9,2.1,37.1
2026-02-24 00:43:20,56.9,99.4,17.4,4.2,36.9
2026-02-24 00:43:30,56.6,95.4,13.2,3.7,37.4
2026-02-24 00:43:40,58.7,96,19.8,4.4,36.5
2026-02-24 00:43:50,58,98.3,12.4,4.3,36.2
2026-02-24 00:44:00,56.3,98.6,16.9,3,36.7
2026-02-24 00:44:10,58.4,95.2,19,3.8,37.3
2026-02-24 00:44:20,58.1,97.9,15.1,2.1,36.3
2026-02-24 00:44:30,59.8,95,15.3,4.7,37.1
2026-02-24 00:44:40,59.3,97.8,18.1,4.4,36.2
2026-02-24 00:44:50,59,96.7,15.8,4.9,36.9
2026-02-24 00:45:00,57.9,100,13.3,3.4,36.7
2026-02-24 00:45:10,59.7,98.7,14.7,2.4,36.7
2026-02-24 00:45:20,57.7,96.9,15.9,4.1,36.3
2026-02-24 00:45:30,56.6,96.6,16.7,3.1,36.5
2026-02-24 00:45:40,57.9,95.3,14.9,3.1,36.1
2026-02-24 00:45:50,57.2,98.4,16.6,3.9,37.1
2026-02-24 00:46:00,59.2,96.7,12.4,2.2,37.5
2026-02-24 00:46:10,55.9,95,14.5,3.5,37
2026-02-24 00:46:20,58.8,99.6,12.4,2,36
2026-02-24 00:46:30,57.2,96.4,17.3,4.9,37.4
2026-02-24 00:46:40,57.6,98.1,18.1,2.8,37
2026-02-24 00:46:50,55.8,97.4,17.9,4.4,37.2
2026-02-24 00:47:00,56.5,98.5,19.2,3.7,37.2
2026-02-24 00:47:10,56.6,100,19.4,2.1,36.3
2026-02-24 00:47:20,57.5,95.3,18.6,3.2,36.4
2026-02-24 00:47:30,59,96.1,17.8,3.6,36.1
2026-02-24 00:47:40,56.4,96.6,16.2,4.9,36.7
2026-02-24 00:47:50,57.7,99.7,17.1,4.7,37.3
2026-02-24 00:48:00,58.4,97.1,17.1,3.7,36.4
2026-02-24 00:48:10,58.6,96.9,16.2,4,36.5
2026-02-24 00:48:20,58.3,98.4,18.3,2.7,36.1
2026-02-24 00:48:30,58,95.6,14.5,2.2,36
2026-02-24 00:48:40,57.9,95.9,19.8,3.2,36.9
2026-02-24 00:48:50,55.9,96.1,13.5,3.5,37.1
2026-02-24 00:49:00,58,97.4,18.7,2.5,37.3
2026-02-24 00:49:10,57.7,96.8,15.5,2.9,36.3
2026-02-24 00:49:20,55.7,95.6,19.7,4.1,36.4
2026-02-24 00:49:30,57.6,98.3,14.5,3.5,37.1
2026-02-24 00:49:40,55.9,95.1,16.2,2.8,36.3
2026-02-24 00:49:50,55.7,96.6,15.4,4.8,36
2026-02-24 00:50:00,57.1,95.8,16.7,2.8,36.8
2026-02-24 00:50:10,56.2,95.9,12.6,4.7,36.3
2026-02-24 00:50:20,56.2,97.2,13.3,2.9,36.4
2026-02-24 00:50:30,58.5,95.1,17.8,3.6,37.5
2026-02-24 00:50:40,56.5,97.9,16.9,2.1,36.5
2026-02-24 00:50:50,59,95.5,19.9,4.9,36.3
2026-02-24 00:51:00,58.1,96.6,16.2,4.1,36
2026-02-24 00:51:10,58,95.9,19.6,2.4,37.2
2026-02-24 00:51:20,58.9,98.7,12.4,4.9,36.8
2026-02-24 00:51:30,56.4,95.1,13.2,4.1,37.1
2026-02-24 00:51:40,58.2,95.4,13.2,2.3,36.5
2026-02-24 00:51:50,56.6,96.9,19.5,4.2,37.1
2026-02-24 00:52:00,58.7,98.7,14.1,4.5,36.8
2026-02-24 00:52:10,55.7,97.4,14.1,2.1,37.3
2026-02-24 00:52:20,56.6,95.3,19.6,4.4,37.4
2026-02-24 00:52:30,58.4,99.6,14.4,3.1,37.2
2026-02-24 00:52:40,58.9,96.3,12.4,4.6,36.5
2026-02-24 00:52:50,58,96.3,19.2,4.9,37.2
2026-02-24 00:53:00,55.8,99.5,18.7,3.2,36.8
2026-02-24 00:53:10,57.7,95,12.9,4.9,37.3
2026-02-24 00:53:20,56.2,98.8,16.9,2.1,37.4
2026-02-24 00:53:30,56.2,97.4,19.5,3.7,36.2
2026-02-24 00:53:40,56.5,99.4,13.7,3.1,36.7
2026-02-24 00:53:50,57.8,98.2,19.2,3.6,36.7
2026-02-24 00:54:00,57.6,99.3,16.2,2.6,36.4
2026-02-24 00:54:10,55.9,97.7,18.3,4,37.3
2026-02-24 00:54:20,56.5,97.7,19.6,3.1,37.2
2026-02-24 00:54:30,57.8,95.3,18.9,3.8,36.4
2026-02-24 00:54:40,56.9,95.3,17.7,2.7,36.1
2026-02-24 00:54:50,58.3,98.2,14.2,2.4,36.1
2026-02-24 00:55:00,58.1,95.1,14.8,2.7,37.1
2026-02-24 00:55:10,56.4,99.1,15.8,2.6,36.7
2026-02-24 00:55:20,56.5,96.5,18.4,4.5,36.5
2026-02-24 00:55:30,57,98.7,16.1,3.9,36.8
2026-02-24 00:55:40,56.3,96,13.8,2.9,37
2026-02-24 00:55:50,56.1,99,14.4,3.5,36.1
2026-02-24 00:56:00,55.7,96.8,18.9,3.8,37.1
2026-02-24 00:56:10,55.7,98.7,14.8,4.6,36.9
2026-02-24 00:56:20,55.7,97.2,15.9,3,36.1
2026-02-24 00:56:30,56,99.9,18.3,3.8,36.1
2026-02-24 00:56:40,58,98.6,18.4,4.8,36.4
2026-02-24 00:56:50,57.4,97.7,18.3,4.5,36.9
2026-02-24 00:57:00,57.2,95.7,15.5,4.9,37.5
2026-02-24 00:57:10,58.6,99.2,17.3,3,36.7
2026-02-24 00:57:20,55.4,98.7,12.6,4.7,37.3
2026-02-24 00:57:30,56.1,98.1,14.4,2.3,36.3
2026-02-24 00:57:40,57.1,98.3,17.5,3.7,36.6
2026-02-24 00:57:50,56.4,98.6,15.8,3.4,36.2
2026-02-24 00:58:00,57.4,96.2,12.5,2.6,37.1
2026-02-24 00:58:10,57.2,95.9,15.6,3,36.9
2026-02-24 00:58:20,57.9,98,13,4.6,36.4
2026-02-24 00:58:30,56.7,95.4,19.4,2.4,36.5
2026-02-24 00:58:40,56.3,97.5,14.5,2.2,37
2026-02-24 00:58:50,58.1,96.7,19.6,4.3,36.5
2026-02-24 00:59:00,55.8,96,15.2,4,36.6
2026-02-24 00:59:10,58.6,99.2,17.6,3.4,36.1
2026-02-24 00:59:20,58.5,95.6,20,3.1,36.2
2026-02-24 00:59:30,57.5,98.5,17,3.6,36.3
2026-02-24 00:59:40,58.9,97.6,14.7,4.5,36.7
2026-02-24 00:59:50,58.2,98.9,13,4.4,36.7
2026-02-24 01:00:00,41.9,97.2,16,4.7,37.3
2026-02-24 01:00:10,57.8,97.8,14.1,4.2,36.9
2026-02-24 01:00:20,57.1,97.9,14.5,4.6,36.7
2026-02-24 01:00:30,55.6,98.1,17.2,3.3,37
2026-02-24 01:00:40,56.9,98.6,14.2,4.6,37
2026-02-24 01:00:50,57.8,98.7,15.7,4.2,36.4
2026-02-24 01:01:00,58.8,99.4,16.7,4.9,37.5
2026-02-24 01:01:10,57,96.1,14.9,2.2,37.4
2026-02-24 01:01:20,59.1,97.7,16.7,4.6,36.6
2026-02-24 01:01:30,58,98.1,13.1,2.5,36.6
2026-02-24 01:01:40,57.4,96.2,19.7,3.8,37
2026-02-24 01:01:50,55.4,98,14.4,4.2,36.5
2026-02-24 01:02:00,56.9,98.8,19,4.4,37.1
2026-02-24 01:02:10,59.1,96.4,16.7,4.1,36.8
2026-02-24 01:02:20,56.2,97.4,18.3,4.8,36.2
2026-02-24 01:02:30,56.5,99.6,13.2,3,37.2
2026-02-24 01:02:40,58.3,96,19,2.3,36
2026-02-24 01:02:50,59,95.5,15.1,3.4,37
2026-02-24 01:03:00,57.7,98.3,16.2,4,37.4
2026-02-24 01:03:10,58.5,97.3,16.3,2.1,37.4
2026-02-24 01:03:20,56.3,96.8,14,2.3,36.2
2026-02-24 01:03:30,55.2,98.9,17.5,4.5,36.3
2026-02-24 01:03:40,55.3,98.3,17.2,4.4,36.7
2026-02-24 01:03:50,58.8,95.6,17.5,2.4,37.3
2026-02-24 01:04:00,57.5,95.9,18,4.4,37
2026-02-24 01:04:10,57.9,96.6,13,4.5,36.7
2026-02-24 01:04:20,57.4,99.4,19.6,4.9,36.3
2026-02-24 01:04:30,57.4,96.7,18.1,3.5,36.6
2026-02-24 01:04:40,55.5,97.4,18.8,2.6,36.5
2026-02-24 01:04:50,57,96.4,17.9,4.6,36
2026-02-24 01:05:00,55.2,99.8,14,3.5,36.1
2026-02-24 01:05:10,57.7,99.1,15.1,3.2,36.1
2026-02-24 01:05:20,58.2,96,19.4,4.8,36.6
2026-02-24 01:05:30,58.4,96.9,18.7,3.4,36.4
2026-02-24 01:05:40,56.3,96.7,17.5,2.9,36.4
2026-02-24 01:05:50,56.8,98.8,17.4,4.6,36.7
2026-02-24 01:06:00,57.8,96.5,13.3,4.4,37.3
2026-02-24 01:06:10,55.6,99.7,18.6,4.4,36.6
2026-02-24 01:06:20,58.9,96.6,17.2,2.8,37
2026-02-24 01:06:30,57.2,98.5,17.6,2,37.5
2026-02-24 01:06:40,59,96.3,16.9,4.8,36.2
2026-02-24 01:06:50,56.9,98,12.5,3.7,36.2
2026-02-24 01:07:00,56.7,95.3,18.7,4.7,37.5
2026-02-24 01:07:10,56,97.9,16,3.1,36
2026-02-24 01:07:20,57.4,99.3,19.3,3.9,36.2
2026-02-24 01:07:30,57.8,98.3,12.1,4.2,36.9
2026-02-24 01:07:40,57.9,98.1,12.5,2.8,36.2
2026-02-24 01:07:50,58.3,99.3,17.3,2.8,37.3
2026-02-24 01:08:00,58.2,95.9,18.5,4.9,36.3
2026-02-24 01:08:10,57.5,98.2,14,3.1,37.3
2026-02-24 01:08:20,56.7,98.5,12.9,2.2,36.4
2026-02-24 01:08:30,56.2,96.6,12.2,2.3,37.3
2026-02-24 01:08:40,58.5,99.2,13.8,4,37.2
2026-02-24 01:08:50,55.5,95.5,16.6,2.2,36.1
2026-02-24 01:09:00,55.1,99.1,16.3,5,37.5
2026-02-24 01:09:10,58.8,98.8,17.8,2.3,36.8
2026-02-24 01:09:20,57,97.7,17.7,4.3,37.2
2026-02-24 01:09:30,55.6,95.9,15.3,3,36.1
2026-02-24 01:09:40,55.2,98.2,14.8,2.6,36.7
2026-02-24 01:09:50,56.8,99.2,13.3,4.3,37.1
2026-02-24 01:10:00,58.1,95.8,17.5,3.5,37.5
2026-02-24 01:10:10,58.7,96.3,14.5,4.6,37.1
2026-02-24 01:10:20,57.5,98.8,14.2,4.3,37.2
2026-02-24 01:10:30,58.5,99.7,15.3,4.1,36.5
2026-02-24 01:10:40,56.1,99.5,17,3.8,36.7
2026-02-24 01:10:50,58.2,95.9,12.5,4.4,37.2
2026-02-24 01:11:00,55,95.2,16.2,2.2,37.1
2026-02-24 01:11:10,55.6,99.8,13.4,2.4,37.1
2026-02-24 01:11:20,57.4,98.3,17.5,3.2,37.3
2026-02-24 01:11:30,57.6,95.1,19.6,3.5,36.6
2026-02-24 01:11:40,56.3,99.6,13,4.3,36.9
2026-02-24 01:11:50,56.3,98.7,12,4.8,36.5
2026-02-24 01:12:00,57.2,99.7,13.2,2.8,36.2
2026-02-24 01:12:10,56.9,95.1,18.8,2.6,37.5
2026-02-24 01:12:20,56.8,96.6,17.6,3.5,36.8
2026-02-24 01:12:30,58.6,99.1,16.3,2.6,36.4
2026-02-24 01:12:40,56.3,97.2,16.7,4.8,37.4
2026-02-24 01:12:50,57.5,97,14.7,2.6,36.7
2026-02-24 01:13:00,57,98.5,17.1,2.8,36.9
2026-02-24 01:13:10,55,97.2,14.6,4.4,36.7
2026-02-24 01:13:20,58.8,99.1,16.5,3,36.6
2026-02-24 01:13:30,57.6,97.4,13.1,3.5,36.7
2026-02-24 01:13:40,58.3,99.2,16.1,3.4,36.9
2026-02-24 01:13:50,58.2,98.4,16.6,2.7,36
2026-02-24 01:14:00,56.7,96.7,14.5,3.8,36.8
2026-02-24 01:14:10,57.7,99.2,16.7,4.7,36.1
2026-02-24 01:14:20,57.5,95.6,15.8,2.9,37.3
2026-02-24 01:14:30,57.2,98.2,18,2.4,36.8
2026-02-24 01:14:40,57.4,96,18.6,3.5,36.5
2026-02-24 01:14:50,57.7,97.4,15.4,4.2,36.1
2026-02-24 01:15:00,58.4,96.7,15.2,2.6,36.2
2026-02-24 01:15:10,57.7,99.1,18.9,3.7,36.6
2026-02-24 01:15:20,55.4,98,15.8,4.6,37
2026-02-24 01:15:30,55.1,99.2,18.5,2.4,37.2
2026-02-24 01:15:40,58.1,96.4,13.1,3.8,36
2026-02-24 01:15:50,55.1,95.8,13.6,4.8,36.3
2026-02-24 01:16:00,55.8,96.6,12.7,4.9,36.8
2026-02-24 01:16:10,56.7,98,18.3,4.8,36.4
2026-02-24 01:16:20,58.1,99.6,15.4,2.6,36.7
2026-02-24 01:16:30,55.2,96.6,16.3,4.4,37.1
2026-02-24 01:16:40,57.6,98.3,13.8,3.6,37.5
2026-02-24 01:16:50,56.3,99.4,19.4,4.8,36.2
2026-02-24 01:17:00,58.3,97.1,14,2.1,37.1
2026-02-24 01:17:10,56.8,95.2,12.6,3.5,36.5
2026-02-24 01:17:20,57.9,98.7,17,3.5,36.7
2026-02-24 01:17:30,56.6,99.8,13.5,2.1,37
2026-02-24 01:17:40,55.3,96.4,13.7,2.8,37.1
2026-02-24 01:17:50,56.4,98,18.7,2.2,37.4
2026-02-24 01:18:00,57.7,96,14.2,2.6,36.4
2026-02-24 01:18:10,55.3,97.2,14.1,4.6,37.4
2026-02-24 01:18:20,58.2,97.3,15.2,2.5,37.2
2026-02-24 01:18:30,55.7,98.4,16.3,3.4,37.5
2026-02-24 01:18:40,57.8,96.5,12.7,4.4,37.2
2026-02-24 01:18:50,57.2,96.5,15.8,4.9,37.4
2026-02-24 01:19:00,58.1,99.8,12.5,3.7,36.3
2026-02-24 01:19:10,54.7,97.4,13.7,4.6,36.4
2026-02-24 01:19:20,57.2,99.1,18.2,3.8,36
2026-02-24 01:19:30,54.9,98.8,14.4,2.3,37
2026-02-24 01:19:40,57.5,98.9,14.6,2.7,37.3
2026-02-24 01:19:50,55.9,96.3,18.3,2.9,37.3
2026-02-24 01:20:00,58.3,98.2,12.8,2.9,36.6
2026-02-24 01:20:10,58,98.3,13.1,3.8,37.1
2026-02-24 01:20:20,55.4,99.8,17.9,2.4,36.1
2026-02-24 01:20:30,57,97.4,13.4,2.5,37.2
2026-02-24 01:20:40,54.8,98.5,18.4,4.5,37
2026-02-24 01:20:50,57.5,96.2,13.3,2.5,36.2
2026-02-24 01:21:00,56,95.1,13.1,3.8,36.9
2026-02-24 01:21:10,58.5,99.9,15.4,2.6,36.4
2026-02-24 01:21:20,58.6,96.4,13.5,4.4,36.3
2026-02-24 01:21:30,56.7,95.3,15.1,4.9,36.3
2026-02-24 01:21:40,54.6,99.4,14.5,2.8,36.4
2026-02-24 01:21:50,58.4,98.3,19.3,5,36.9
2026-02-24 01:22:00,56.5,95.8,19.9,3.9,37.2
2026-02-24 01:22:10,57.6,96.3,14.5,4,37.2
2026-02-24 01:22:20,55.3,95.5,12.2,3.3,36.9
2026-02-24 01:22:30,55.4,99.2,16.8,4.2,36.5
2026-02-24 01:22:40,57.7,98.6,13.6,3.3,36.8
2026-02-24 01:22:50,55.6,100,16.1,3,36.7
2026-02-24 01:23:00,55.1,98.2,18.2,4.6,36.3
2026-02-24 01:23:10,56.9,97.6,17.7,2.8,36.7
2026-02-24 01:23:20,55.9,98.7,14.6,2.7,37.2
2026-02-24 01:23:30,58.3,96.6,15.6,4.4,37.3
2026-02-24 01:23:40,57.5,97.3,14.7,4.7,36.1
2026-02-24 01:23:50,57.9,96.6,12.9,4.5,37.2
2026-02-24 01:24:00,55.2,99.5,18.8,2,36.4
2026-02-24 01:24:10,56.5,98.1,17.2,2.4,36.2
2026-02-24 01:24:20,54.6,97.5,12.4,2.7,36.8
2026-02-24 01:24:30,55.8,98.5,17.2,2.2,36.7
2026-02-24 01:24:40,55.6,95.5,14.2,4.4,37.4
2026-02-24 01:24:50,54.8,99.4,19,2.9,36.9
2026-02-24 01:25:00,57.4,98.4,18.4,2.9,37.2
2026-02-24 01:25:10,56.1,98.6,17.7,4.2,37.3
2026-02-24 01:25:20,56.9,95.2,18.4,4.2,37.5
2026-02-24 01:25:30,58.2,97.9,14.8,4.2,36.7
2026-02-24 01:25:40,58.4,95.4,19.8,4,37
2026-02-24 01:25:50,58.2,97,19.8,4.9,36.2
2026-02-24 01:26:00,55.2,95.2,14.9,3.5,36.9
2026-02-24 01:26:10,55.4,96.1,16,2.1,36.4
2026-02-24 01:26:20,55.2,96.7,12.4,3.1,36.1
2026-02-24 01:26:30,55.1,96.5,18.8,3.3,36.5
2026-02-24 01:26:40,56.7,99.8,19.4,3.9,36.8
2026-02-24 01:26:50,56.5,97.3,12.4,2.5,36
2026-02-24 01:27:00,55.7,97.5,17.3,4.5,36.3
2026-02-24 01:27:10,56.9,99.6,13.5,3.6,36.9
2026-02-24 01:27:20,55.1,99,17,3.4,36.3
2026-02-24 01:27:30,55,96.2,19.4,2.2,37.4
2026-02-24 01:27:40,57,96.5,18,4.8,36.3
2026-02-24 01:27:50,54.5,97.6,18.9,2.2,36.1
2026-02-24 01:28:00,57.8,95.6,13.1,4.8,36
2026-02-24 01:28:10,56.7,95.8,18.7,4.1,36.9
2026-02-24 01:28:20,57,95.3,12.4,4.1,36.8
2026-02-24 01:28:30,55.2,97.7,15.3,2.2,36.9
2026-02-24 01:28:40,55.9,95.2,16.5,3.3,36
2026-02-24 01:28:50,55.2,96.9,13,2.4,37.1
2026-02-24 01:29:00,54.4,96.3,19.2,4.7,36.9
2026-02-24 01:29:10,57.5,98.5,17.5,3.5,36.7
2026-02-24 01:29:20,56.5,97.9,12.2,4.7,36.9
2026-02-24 01:29:30,57.2,95.9,13.2,3.1,37.1
2026-02-24 01:29:40,56.8,98.6,19.4,2.6,36.9
2026-02-24 01:29:50,56.8,99,12.6,3,36.5
2026-02-24 01:30:00,112.7,98.1,15.7,4.4,36.2
2026-02-24 01:30:10,57.9,99.2,17.5,3.2,37.5
2026-02-24 01:30:20,56.7,96,19.6,2.6,37.4
2026-02-24 01:30:30,56.3,97,15.4,4.3,37.3
2026-02-24 01:30:40,55.7,96.7,17.4,4.4,37.5
2026-02-24 01:30:50,54.4,99.3,15.7,4.6,36.3
2026-02-24 01:31:00,56.5,98.5,13.1,3.2,37.1
2026-02-24 01:31:10,56.8,96.6,12.8,3.3,36.3
2026-02-24 01:31:20,57,99.8,13.5,2,37
2026-02-24 01:31:30,57.5,96.7,18.1,4.3,37.4
2026-02-24 01:31:40,56.9,97.3,16.9,3,36.4
2026-02-24 01:31:50,57.3,98.2,20,3,37.4
2026-02-24 01:32:00,55.6,99.2,13.1,4.4,36.5
2026-02-24 01:32:10,55.3,96.3,16.1,2.2,36.3
2026-02-24 01:32:20,54.9,97.6,13,3.5,37.1
2026-02-24 01:32:30,54.9,99.2,14.8,3.9,36.7
2026-02-24 01:32:40,58,95.9,13.8,4.1,36.1
2026-02-24 01:32:50,54.9,98.3,13.8,4.9,36.7
2026-02-24 01:33:00,57.3,97,17.2,4,36.4
2026-02-24 01:33:10,56.8,98.3,17.8,2.7,36.7
2026-02-24 01:33:20,57.5,99.4,18.1,4.1,37.4
2026-02-24 01:33:30,56.4,98.8,13.8,2.8,36.8
2026-02-24 01:33:40,56.6,97.4,13.6,4.6,36.8
2026-02-24 01:33:50,55.7,95.4,16.4,3.4,37.3
2026-02-24 01:34:00,57.7,97.9,12.2,3.5,37.1
2026-02-24 01:34:10,57.3,96.5,18.2,2.7,36.7
2026-02-24 01:34:20,54.5,98.6,13.1,4.8,36.9
2026-02-24 01:34:30,57.1,97.6,17.6,5,37.1
2026-02-24 01:34:40,54.3,96.2,12.2,3,36.5
2026-02-24 01:34:50,56.6,96.6,17.3,4.6,36.3
2026-02-24 01:35:00,55,95.1,17.1,4,36.8
2026-02-24 01:35:10,56.3,100,15.9,2.7,36.2
2026-02-24 01:35:20,56.4,96.8,13.9,2.6,37.1
2026-02-24 01:35:30,57.2,96.9,12.2,3.3,37.1
2026-02-24 01:35:40,57.6,98.1,18.5,3.6,36
2026-02-24 01:35:50,56.6,95,15.3,3.4,36.7
2026-02-24 01:36:00,55.4,95.3,14.8,4.5,37.4
2026-02-24 01:36:10,56.7,95.9,17,3.5,36.6
2026-02-24 01:36:20,55.6,99.7,14.1,3.7,37
2026-02-24 01:36:30,56.6,96.6,15,3.8,36.1
2026-02-24 01:36:40,56.3,96.9,14.9,2.9,36.5
2026-02-24 01:36:50,54.5,98.2,18.6,2.1,36.8
2026-02-24 01:37:00,56.1,98.8,18.3,2.2,36.7
2026-02-24 01:37:10,57.8,96.4,12.5,3.7,36.8
2026-02-24 01:37:20,55.7,99.9,19.4,3.8,37.3
2026-02-24 01:37:30,56.5,96.6,14.1,2.1,36.9
2026-02-24 01:37:40,57.6,97.8,16.2,2,37.5
2026-02-24 01:37:50,54.9,98.3,13.8,3.2,36.4
2026-02-24 01:38:00,57,99.5,12.7,3.2,36.4
2026-02-24 01:38:10,55.3,98.9,16.1,4.6,36.7
2026-02-24 01:38:20,57,98.3,16.4,2.3,36.8
2026-02-24 01:38:30,54.8,95.1,12.1,2.9,36.7
2026-02-24 01:38:40,57.8,96.6,19.8,3.1,36.1
2026-02-24 01:38:50,54.3,95,18.3,4.1,36.7
2026-02-24 01:39:00,56.8,99.6,14.8,3.7,36.2
2026-02-24 01:39:10,55.2,99.1,19.4,4,37
2026-02-24 01:39:20,56.8,95.3,12.9,2.1,36
2026-02-24 01:39:30,57.7,96.5,18.6,2.3,37.3
2026-02-24 01:39:40,56.4,96.6,15.8,4.2,36.6
2026-02-24 01:39:50,55.7,98.2,19.5,2.4,36.7
2026-02-24 01:40:00,57.2,97.5,14.6,2.1,36.1
2026-02-24 01:40:10,57.4,96.8,16.4,4.8,36.7
2026-02-24 01:40:20,55.3,98.3,14.1,3.1,37.4
2026-02-24 01:40:30,57.1,99.6,14.5,2.3,37.5
2026-02-24 01:40:40,55.9,96.2,19,2.2,37.4
2026-02-24 01:40:50,56.3,97.3,14.9,4.4,37.4
2026-02-24 01:41:00,54.2,96.6,17.1,4.9,36.8
2026-02-24 01:41:10,55,99.4,14.8,2.5,37.2
2026-02-24 01:41:20,56.5,97.4,15.7,3.8,36.3
2026-02-24 01:41:30,57.4,97.4,19.6,2.3,36.5
2026-02-24 01:41:40,56.6,99.4,18.9,2,37.5
2026-02-24 01:41:50,56.2,97,15.6,2.6,37.3
2026-02-24 01:42:00,54.9,95.7,14.2,2.6,37.3
2026-02-24 01:42:10,56.7,97.4,18.5,4.7,36
2026-02-24 01:42:20,54.1,99.8,18.4,2.5,36.8
2026-02-24 01:42:30,55.6,97.8,17.1,2.9,36.5
2026-02-24 01:42:40,55.6,97,15.2,2.1,37.2
2026-02-24 01:42:50,57.6,97.8,17.4,3.7,36.1
2026-02-24 01:43:00,57.1,97.1,18.3,4.5,36.6
2026-02-24 01:43:10,55.1,95.6,15.5,5,36.9
2026-02-24 01:43:20,54.7,95.4,17.9,4.1,36.6
2026-02-24 01:43:30,56.7,98.8,15.3,3.1,37.1
2026-02-24 01:43:40,57.6,97.6,12.3,3.2,36.5
2026-02-24 01:43:50,56.4,95.1,16.2,2.5,36.7
2026-02-24 01:44:00,55.9,100,12.5,2.8,36
2026-02-24 01:44:10,54.9,97.5,13.2,4.9,36.7
2026-02-24 01:44:20,57.7,98.8,12.8,4.2,36.1
2026-02-24 01:44:30,53.9,99,17.4,3.9,36.5
2026-02-24 01:44:40,56.9,99.2,12.5,2.7,36.4
2026-02-24 01:44:50,57.5,98.7,18.3,2.9,36.9
2026-02-24 01:45:00,55,97.2,14.5,3.2,36.5
2026-02-24 01:45:10,54.5,97.7,19,4.6,37.4
2026-02-24 01:45:20,54.4,98.5,12.3,4,37
2026-02-24 01:45:30,54.4,95,13,4.1,36.5
2026-02-24 01:45:40,54.3,99.8,16.2,3.7,36.2
2026-02-24 01:45:50,55.4,99.3,15.2,4.4,36.7
2026-02-24 01:46:00,55.7,99.6,13.1,3,36.9
2026-02-24 01:46:10,54.9,98.9,18.5,3.9,37.2
2026-02-24 01:46:20,57.4,97.3,16.5,4.2,37.4
2026-02-24 01:46:30,56.4,99,16.8,3.9,36.8
2026-02-24 01:46:40,55.6,98,14.8,4.9,37.3
2026-02-24 01:46:50,53.9,95.2,16.9,4.7,36.3
2026-02-24 01:47:00,57.3,95.7,12.8,4.1,36.6
2026-02-24 01:47:10,56.6,95.1,17.4,3.9,37.3
2026-02-24 01:47:20,56.8,96.3,15.4,2.8,36.6
2026-02-24 01:47:30,56,95.3,14.2,2.6,36.5
2026-02-24 01:47:40,57.4,98.4,19.6,4,36.5
2026-02-24 01:47:50,55.8,99.5,17.8,5,36.4
2026-02-24 01:48:00,54.7,98.9,18.8,2.4,36
2026-02-24 01:48:10,56,95.1,15.2,2.8,36.3
2026-02-24 01:48:20,55.6,95.6,13.8,4.2,37.2
2026-02-24 01:48:30,55.2,99,13.4,3.9,36.6
2026-02-24 01:48:40,57.5,99.8,17.9,4.6,36.8
2026-02-24 01:48:50,57,95,19.7,3.2,36.2
2026-02-24 01:49:00,54.3,98.6,17.7,4.4,36.8
2026-02-24 01:49:10,54.9,99.1,19.5,2.9,37.1
2026-02-24 01:49:20,55.9,96.4,12.9,3.4,36.3
2026-02-24 01:49:30,55.9,97.6,15.6,4.4,36.4
2026-02-24 01:49:40,55.1,95.9,18.3,3.3,37.1
2026-02-24 01:49:50,55.9,97.3,12.3,3.2,36.6
2026-02-24 01:50:00,55,97.3,19.2,3.2,36.7
2026-02-24 01:50:10,56.5,99.2,17.5,4.9,37.2
2026-02-24 01:50:20,55.2,97.6,19.6,2.3,37.2
2026-02-24 01:50:30,57.1,97.3,13.8,3.4,36.6
2026-02-24 01:50:40,57.1,96.3,15.9,4.2,36.6
2026-02-24 01:50:50,54.6,96,18.6,2.9,36.3
2026-02-24 01:51:00,56.6,98.3,19.6,4.9,37.4
2026-02-24 01:51:10,55.7,95.7,12.6,3.6,37.3
2026-02-24 01:51:20,57.2,97.3,18.4,3.5,36.5
2026-02-24 01:51:30,57.6,95.9,15.8,2.2,36.7
2026-02-24 01:51:40,55.7,95.1,16.6,4.8,37.4
2026-02-24 01:51:50,54.5,98.8,17.7,2.4,36.7
2026-02-24 01:52:00,55.3,95.2,16.3,4.6,36.5
2026-02-24 01:52:10,57.5,95.5,18.2,3.5,36.6
2026-02-24 01:52:20,56.7,96.8,18.7,3.6,37.2
2026-02-24 01:52:30,56.5,97.1,13.5,3.1,37
2026-02-24 01:52:40,55,99.4,19.8,2.8,37.1
2026-02-24 01:52:50,57.2,99.8,18.2,2.8,36.5
2026-02-24 01:53:00,53.9,97.1,12.6,2.8,36.5
2026-02-24 01:53:10,55.1,96,17.5,2.7,37.5
2026-02-24 01:53:20,57,99.7,14.8,4.4,36.6
2026-02-24 01:53:30,56.5,98.5,14.9,2.2,36.9
2026-02-24 01:53:40,53.9,97.8,17.9,4.6,36.1
2026-02-24 01:53:50,56.4,98.7,15.8,3.8,36.6
2026-02-24 01:54:00,56.1,96.1,15,3.2,36.6
2026-02-24 01:54:10,55.1,95.8,14.5,4.8,36.2
2026-02-24 01:54:20,54.4,95.6,19.5,4.4,37.3
2026-02-24 01:54:30,54.5,95.6,12.4,3.1,36.7
2026-02-24 01:54:40,55.6,98.4,14,3.9,37.2
2026-02-24 01:54:50,54,97.3,13.7,3.5,36.1
2026-02-24 01:55:00,54.1,97,12.2,2.5,36.1
2026-02-24 01:55:10,57.1,95.1,12.2,4.6,37.1
2026-02-24 01:55:20,54.6,95.6,17.4,3.9,36.6
2026-02-24 01:55:30,54.6,96.4,15.7,3.2,37.2
2026-02-24 01:55:40,53.9,96.2,17.2,2.3,37.2
2026-02-24 01:55:50,56.6,99.7,17.6,2.4,36.9
2026-02-24 01:56:00,55.9,99.2,12.6,2.7,36.6
2026-02-24 01:56:10,55.3,97,16.4,2.9,37.4
2026-02-24 01:56:20,56.2,98.6,18,2.7,37
2026-02-24 01:56:30,55.5,97.9,19.1,2.3,37
2026-02-24 01:56:40,53.7,98.9,16.4,4.5,36.1
2026-02-24 01:56:50,57.2,95.4,12,4.9,36.9
2026-02-24 01:57:00,53.7,97.6,18.7,2.5,37.1
2026-02-24 01:57:10,57.1,96.7,13.6,2.6,37.3
2026-02-24 01:57:20,54.8,100,19.8,3.9,37.3
2026-02-24 01:57:30,56,98,19.9,3.6,37.3
2026-02-24 01:57:40,54.4,99.4,12.8,4.7,36
2026-02-24 01:57:50,54.1,95.5,14,3.4,36.6
2026-02-24 01:58:00,57.4,98.9,12.8,4.9,37
2026-02-24 01:58:10,57.3,96.5,18,3.3,37
2026-02-24 01:58:20,55.1,98.9,12.2,3,37.3
2026-02-24 01:58:30,56.6,95.2,12.5,4.5,37.2
2026-02-24 01:58:40,54.4,95.7,18.6,3.2,36.7
2026-02-24 01:58:50,54.7,97.1,19.7,2.2,37.4
2026-02-24 01:59:00,53.7,96.2,16.8,2.5,37
2026-02-24 01:59:10,54.2,96.2,16.3,4.5,37.4
2026-02-24 01:59:20,57.4,97.4,15.8,3.9,37.3
2026-02-24 01:59:30,55.1,99.7,18.7,4.1,37.3
2026-02-24 01:59:40,55,96.1,17.6,2.9,37.3
2026-02-24 01:59:50,55.4,99.1,14.6,2.3,37
2026-02-24 02:00:00,39.2,97.5,16.3,2.8,36.9
2026-02-24 02:00:10,59,95.9,16.9,2.2,36.4
2026-02-24 02:00:20,61.3,99.9,19.6,5,37
2026-02-24 02:00:30,60.7,96.8,17.9,4,37
2026-02-24 02:00:40,59.9,95.5,12.4,3,36.7
2026-02-24 02:00:50,59,98.3,12.9,2,36.7
2026-02-24 02:01:00,61.1,97,19.9,2,36.3
2026-02-24 02:01:10,60.6,97.1,18.1,2.3,36.8
2026-02-24 02:01:20,59,95.9,15.4,4,37.3
2026-02-24 02:01:30,60.7,97,12.2,3.1,37
2026-02-24 02:01:40,59.8,97.7,17.9,4.7,37.2
2026-02-24 02:01:50,61,95.7,18.7,4.9,37
2026-02-24 02:02:00,61.7,99.5,13.7,2.8,36.2
2026-02-24 02:02:10,61,97.4,17.9,5,36.8
2026-02-24 02:02:20,61.6,99.8,16.3,3.5,36.8
2026-02-24 02:02:30,60.4,98.9,19.2,4.7,37.2
2026-02-24 02:02:40,61.2,96.8,15.9,4.4,37.2
2026-02-24 02:02:50,59.2,96.8,17.9,2.7,36.5
2026-02-24 02:03:00,61.3,98.8,16,4.2,37.1
2026-02-24 02:03:10,59.7,95.2,13.9,3.5,37.3
2026-02-24 02:03:20,59.5,99.9,19.6,3.1,37.3
2026-02-24 02:03:30,58.9,97.9,19,3.2,36
2026-02-24 02:03:40,58.8,98,17.8,4.7,37.4
2026-02-24 02:03:50,59.3,98.3,12.8,4,37.1
2026-02-24 02:04:00,62,97.4,13.5,4.2,36.1
2026-02-24 02:04:10,59.3,95.5,18,4.2,36.1
2026-02-24 02:04:20,58.9,95.4,14,4.5,36.8
2026-02-24 02:04:30,62.1,98.1,18.3,2.6,37
2026-02-24 02:04:40,60.1,96.2,18.7,2.5,36.1
2026-02-24 02:04:50,59,96.9,18.8,2.4,36.2
2026-02-24 02:05:00,62.1,99.4,15.5,3.5,37.1
2026-02-24 02:05:10,61.1,96.6,14.2,2.1,36.3
2026-02-24 02:05:20,62,96.2,13.1,4.3,37.3
2026-02-24 02:05:30,60.9,97.5,18.4,2.4,36.1
2026-02-24 02:05:40,62,97.5,16.8,2.9,36.4
2026-02-24 02:05:50,59.2,99.3,19.7,2.9,37
2026-02-24 02:06:00,59,96.9,14.9,4.8,37.3
2026-02-24 02:06:10,60,95.4,15.1,3.4,37.4
2026-02-24 02:06:20,58.7,98.9,12.5,4.7,36.9
2026-02-24 02:06:30,59.6,96.1,14.2,3.4,36.8
2026-02-24 02:06:40,59.6,95.3,14.3,2.5,36.3
2026-02-24 02:06:50,59.6,96.6,16.1,2.8,36.3
2026-02-24 02:07:00,62.2,99.6,13.1,2.7,37.3
2026-02-24 02:07:10,61.4,99.1,13.2,2.9,36.1
2026-02-24 02:07:20,59.9,96.1,12.5,2.2,36.9
2026-02-24 02:07:30,62,99.5,17.5,3,37.2
2026-02-24 02:07:40,59.7,98.7,12.8,5,36.9
2026-02-24 02:07:50,61.5,98.2,16.6,3.3,37.1
2026-02-24 02:08:00,60.2,98.9,17.7,2.5,37
2026-02-24 02:08:10,59.7,98.9,18.8,2,36.9
2026-02-24 02:08:20,60.1,96.6,18.9,2.6,37
2026-02-24 02:08:30,60.9,97.8,19.7,2,37.3
2026-02-24 02:08:40,60.2,95.7,16.1,2.3,36.9
2026-02-24 02:08:50,60.2,100,19.9,3.9,36.4
2026-02-24 02:09:00,59.2,97.3,12.9,3.3,36.3
2026-02-24 02:09:10,58.7,95.6,19.1,4.3,36
2026-02-24 02:09:20,61.8,95.1,19.5,2.4,36.8
2026-02-24 02:09:30,61.9,95.8,17.2,4.2,36.5
2026-02-24 02:09:40,60.7,95.2,17.2,2.2,36.9
2026-02-24 02:09:50,60,96.1,18.2,3,36.8
2026-02-24 02:10:00,61.6,97.8,14.4,3.4,36.4
2026-02-24 02:10:10,59.2,98.3,13.5,2.7,37.1
2026-02-24 02:10:20,59.5,95.2,14.5,2.6,37.1
2026-02-24 02:10:30,60.1,95.1,12.9,4.1,36
2026-02-24 02:10:40,60.6,95.5,14.6,2.6,36.2
2026-02-24 02:10:50,60.3,96.6,16.4,2.1,37.5
2026-02-24 02:11:00,62.2,96.2,19.5,2.6,37.1
2026-02-24 02:11:10,62.1,98.7,17.5,2.1,36
2026-02-24 02:11:20,61.4,98.3,19.6,3.5,36.1
2026-02-24 02:11:30,59.8,99.8,16.5,2.5,37.2
2026-02-24 02:11:40,59.4,96.1,12.1,3,37
2026-02-24 02:11:50,59.7,98.6,13.2,3.2,36.6
2026-02-24 02:12:00,60.8,97.5,16.8,3,36.3
2026-02-24 02:12:10,60,97.7,17.7,3.9,36.3
2026-02-24 02:12:20,59.3,97.9,12.2,3.7,36.6
2026-02-24 02:12:30,59,97.7,13.9,4.3,37
2026-02-24 02:12:40,62.8,99.7,17,3.1,36.2
2026-02-24 02:12:50,62.2,95.4,15,4.7,36.3
2026-02-24 02:13:00,60.1,98.1,13,4.7,36.6
2026-02-24 02:13:10,59.2,95.2,19.1,2.8,36.3
2026-02-24 02:13:20,59.4,98,14.1,3.2,36.1
2026-02-24 02:13:30,61.5,98.3,19.6,3.3,36.3
2026-02-24 02:13:40,62.4,95.5,16.5,3.4,36.7
2026-02-24 02:13:50,62.7,97.2,17.5,2.5,36.4
2026-02-24 02:14:00,61.7,99.4,16.1,2.2,36.1
2026-02-24 02:14:10,62.4,95.3,18.9,3.5,37.4
2026-02-24 02:14:20,61,99.8,13.3,2.7,37.2
2026-02-24 02:14:30,61.8,99.7,20,3.1,36
2026-02-24 02:14:40,60.1,97.2,16.6,4.5,37.1
2026-02-24 02:14:50,62,95.6,14.4,2.5,37
2026-02-24 02:15:00,60.6,98.4,15.1,4,37.2
2026-02-24 02:15:10,62.8,96.7,19.4,2.3,36.1
2026-02-24 02:15:20,59.5,98,14.2,3.5,36.5
2026-02-24 02:15:30,63,99.7,17.3,2.7,36.4
2026-02-24 02:15:40,59.8,96,12.3,2.4,37.4
2026-02-24 02:15:50,60.9,96.5,13.3,2.7,37.1
2026-02-24 02:16:00,61.5,97.4,19.5,3.9,37.1
2026-02-24 02:16:10,62.1,95.6,17.9,4.3,37.2
2026-02-24 02:16:20,61.1,97.4,18.2,2.5,36.7
2026-02-24 02:16:30,62.1,97.4,18.3,3.3,36.7
2026-02-24 02:16:40,62.3,96.2,15.3,2.9,36.1
2026-02-24 02:16:50,61.6,99.5,13.7,3.1,37.3
2026-02-24 02:17:00,59.5,99.4,17.4,2.8,36.4
2026-02-24 02:17:10,62.6,99,16.4,2.6,36.4
2026-02-24 02:17:20,59.8,99.7,18.4,3.6,36
2026-02-24 02:17:30,60.8,96.8,14.6,3.3,36.2
2026-02-24 02:17:40,60,97.2,15.2,4.8,36.1
2026-02-24 02:17:50,59.9,96.9,18.7,3.5,36.9
2026-02-24 02:18:00,62.7,98.1,14.6,4.9,36.4
2026-02-24 02:18:10,62.1,97.8,18.8,4,36.9
2026-02-24 02:18:20,62.2,96.3,19.6,4.8,36.2
2026-02-24 02:18:30,61.6,96.8,14,3.4,36.4
2026-02-24 02:18:40,59.8,96.2,17.3,3.2,36.1
2026-02-24 02:18:50,62.9,98.4,15.9,3.8,36.2
2026-02-24 02:19:00,61,98.5,16,3.9,36.1
2026-02-24 02:19:10,63.1,99.7,12,3.2,37.1
2026-02-24 02:19:20,59.6,99.8,15.9,4.3,37.3
2026-02-24 02:19:30,62.6,97,12.6,3,36.7
2026-02-24 02:19:40,62.4,97.2,13.6,3,37.3
2026-02-24 02:19:50,61.1,99.4,19.3,2.6,36.3
2026-02-24 02:20:00,61.9,95.5,15.7,3.5,36.6
2026-02-24 02:20:10,59.5,98,17.9,3.6,36.4
2026-02-24 02:20:20,62,98.5,12.6,4.1,36.5
2026-02-24 02:20:30,61.8,100,16.4,3.6,37.4
2026-02-24 02:20:40,62.3,97.2,12.7,4.1,37.2
2026-02-24 02:20:50,62.1,98.9,19.9,2.5,36.4
2026-02-24 02:21:00,62.9,96,14.5,3.1,36.4
2026-02-24 02:21:10,61,96.6,14.9,2.5,36.4
2026-02-24 02:21:20,61,95.2,15.5,2.7,36.9
2026-02-24 02:21:30,63.3,95.3,14.1,3.1,36.4
2026-02-24 02:21:40,60.9,98.8,12.3,3.7,37.5
2026-02-24 02:21:50,62,98.1,16.2,3.1,36.1
2026-02-24 02:22:00,63.2,95.8,13.7,2.1,37.4
2026-02-24 02:22:10,63.4,95.1,19.3,2.8,36.7
2026-02-24 02:22:20,62.4,95.7,14.4,2.8,37
2026-02-24 02:22:30,61.4,97.3,13,3.1,36.9
2026-02-24 02:22:40,63.2,99.2,17,4.8,37.4
2026-02-24 02:22:50,62.4,96.6,17.9,4,36.7
2026-02-24 02:23:00,59.8,97.9,14.9,4,36.9
2026-02-24 02:23:10,60.9,95.7,12.2,3,36.2
2026-02-24 02:23:20,60.3,95.5,18.9,4.6,37.1
2026-02-24 02:23:30,60.7,97.4,13.3,4.7,37.4
2026-02-24 02:23:40,63.2,95.5,14.8,3,36.2
2026-02-24 02:23:50,61.6,96.8,15.7,3.7,36.8
2026-02-24 02:24:00,60.8,95.4,13.9,2.2,36.8
2026-02-24 02:24:10,63.4,97.6,17,3.9,36.6
2026-02-24 02:24:20,60.9,99,13.3,3.4,37
2026-02-24 02:24:30,63.3,96.5,19.6,4.8,37.3
2026-02-24 02:24:40,61.3,98.9,16.4,4.6,36.3
2026-02-24 02:24:50,60.7,95.8,17.1,2.4,37.1
2026-02-24 02:25:00,61.4,95.9,14.4,4.7,37.3
2026-02-24 02:25:10,61.8,99.8,13.3,2.2,36.9
2026-02-24 02:25:20,61,100,16.8,4.9,37
2026-02-24 02:25:30,60.9,98.8,18.9,4.7,37.1
2026-02-24 02:25:40,63.6,95.1,13.4,3.5,37
2026-02-24 02:25:50,60.7,95.2,14.6,4.1,37.2
2026-02-24 02:26:00,63.5,97.8,14.9,4.9,37.2
2026-02-24 02:26:10,61.6,99.2,13.8,3.5,36.9
2026-02-24 02:26:20,60.7,96.1,18.5,3.3,37.4
2026-02-24 02:26:30,59.8,97.6,19.5,4.9,37.2
2026-02-24 02:26:40,62.1,99.1,12.6,4,36.9
2026-02-24 02:26:50,62.1,99.8,13.8,3.3,37.1
2026-02-24 02:27:00,63.7,95.3,14.2,2.4,36.2
2026-02-24 02:27:10,61.7,98.5,16.5,3.1,37.2
2026-02-24 02:27:20,60.9,97,13.9,4.5,36.7
2026-02-24 02:27:30,60.7,95.7,19.8,2.6,36.3
2026-02-24 02:27:40,62.6,99,18,4.6,36.2
2026-02-24 02:27:50,60.4,95.8,12.8,4.6,37.1
2026-02-24 02:28:00,61.3,98.1,15.8,2.1,36.7
2026-02-24 02:28:10,62.4,95.4,19.3,3.3,37
2026-02-24 02:28:20,61,98.7,13.4,3.1,36.7
2026-02-24 02:28:30,60.5,98.9,14.1,4.2,36.5
2026-02-24 02:28:40,61.5,96.5,15.4,2.8,36.6
2026-02-24 02:28:50,60.5,96.1,14.9,3.1,36.2
2026-02-24 02:29:00,60.9,98.3,19.5,2.7,36.1
2026-02-24 02:29:10,63.4,99.5,19.3,4.9,36.7
2026-02-24 02:29:20,62.4,96.3,12.5,2.8,37.2
2026-02-24 02:29:30,60,98.6,13.8,4.3,36.5
2026-02-24 02:29:40,62.8,98.5,15.9,3.4,37.5
2026-02-24 02:29:50,63.5,96.9,12.3,4.9,36.2
2026-02-24 02:30:00,124.8,99.4,18.2,3.5,37.2
2026-02-24 02:30:10,63.3,99.4,14.9,3,36.4
2026-02-24 02:30:20,61.7,99.6,12.7,4.5,36.1
2026-02-24 02:30:30,63.3,96.8,15.3,2.2,37.4
2026-02-24 02:30:40,63.7,99.2,19.9,4.4,36.9
2026-02-24 02:30:50,63.3,97.4,13.1,2.7,37
2026-02-24 02:31:00,61.3,96.1,18.7,4.6,37.1
2026-02-24 02:31:10,61.7,96.6,12.5,2.9,36.1
2026-02-24 02:31:20,63,97.2,19.8,4.1,36.3
2026-02-24 02:31:30,62.4,96.9,15.9,3.9,36.3
2026-02-24 02:31:40,62.9,96.7,19.4,4.8,36.6
2026-02-24 02:31:50,61.4,95.2,13.7,3.6,36.1
2026-02-24 02:32:00,61.7,98.9,17.2,2.3,37.4
2026-02-24 02:32:10,62.4,96.2,14.3,4.6,37.3
2026-02-24 02:32:20,63.7,96.3,14.3,3.2,36
2026-02-24 02:32:30,63,95.8,13.1,3.9,36.8
2026-02-24 02:32:40,64.1,95.7,17.9,2.9,36.5
2026-02-24 02:32:50,60.5,97.8,13.6,4,37.4
2026-02-24 02:33:00,60.4,96.8,19.1,3.8,36.4
2026-02-24 02:33:10,60.7,96.7,14.7,2.9,36.7
2026-02-24 02:33:20,61.7,97.8,12.5,5,37.2
2026-02-24 02:33:30,63.6,97,13.3,3.5,37.1
2026-02-24 02:33:40,61.8,99.1,17.2,3,36.2
2026-02-24 02:33:50,63.6,99.8,13.9,2.1,37.2
2026-02-24 02:34:00,61.2,97.4,18.4,4.9,36.4
2026-02-24 02:34:10,61.2,96.4,16.7,2.1,37.1
2026-02-24 02:34:20,63.2,99.8,17.6,2.1,36.6
2026-02-24 02:34:30,63.7,95.6,16.6,2.8,36.6
2026-02-24 02:34:40,62.7,99.3,15.9,3.9,37.4
2026-02-24 02:34:50,62.7,96.7,18.3,2.9,36.1
2026-02-24 02:35:00,63.4,99.3,14.1,4.6,36.4
2026-02-24 02:35:10,60.9,96.1,14,2.4,36.6
2026-02-24 02:35:20,61.2,96.6,12.3,3.8,37.4
2026-02-24 02:35:30,62,99.8,16.9,2.5,37
2026-02-24 02:35:40,61.2,97.2,13.3,3.9,36
2026-02-24 02:35:50,61.6,98.8,14.4,4.1,37.4
2026-02-24 02:36:00,61.9,98.2,16.9,2.4,36.7
2026-02-24 02:36:10,61.9,98.5,17.9,2.6,36.8
2026-02-24 02:36:20,61.7,99.9,16.9,3.5,37.4
2026-02-24 02:36:30,61.2,99.1,17.6,2.1,37.3
2026-02-24 02:36:40,62.6,99.1,14.3,3.7,36.2
2026-02-24 02:36:50,62.6,97.8,13.3,4.8,36.2
2026-02-24 02:37:00,64.3,97.9,17.1,5,37.3
2026-02-24 02:37:10,63,97.5,19.2,4.7,36.2
2026-02-24 02:37:20,62.3,96.8,15.4,3.3,36.9
2026-02-24 02:37:30,63.7,99.2,16.1,4.6,37.1
2026-02-24 02:37:40,64.2,97,15.6,3.2,37.5
2026-02-24 02:37:50,62.9,95.1,13.9,4.3,36.3
2026-02-24 02:38:00,63.1,95.8,17.6,2.3,37.1
2026-02-24 02:38:10,61.5,95.5,16.5,2.9,36.9
2026-02-24 02:38:20,64.5,98.3,13.5,4.1,36.2
2026-02-24 02:38:30,64,97.8,15.8,4.1,36.2
2026-02-24 02:38:40,61.7,97.3,12.2,3.9,36.9
2026-02-24 02:38:50,61.7,96.1,14.5,2.9,36.2
2026-02-24 02:39:00,63.9,97.3,15.1,4.4,37.5
2026-02-24 02:39:10,62,95.3,13.5,2.6,36.7
2026-02-24 02:39:20,61.4,98.6,18.9,4.4,36.2
2026-02-24 02:39:30,60.8,97.5,14.2,4.1,36.6
2026-02-24 02:39:40,63.9,96.2,15.5,4.8,36.3
2026-02-24 02:39:50,63.5,96.2,19.2,2.3,36.2
2026-02-24 02:40:00,62.8,98.1,15.4,3.7,37.3
2026-02-24 02:40:10,62.2,96.3,15.6,3.3,36.2
2026-02-24 02:40:20,64.4,99.4,14.6,4.4,37.3
2026-02-24 02:40:30,62,96,14.3,2.6,36.2
2026-02-24 02:40:40,61.3,98.5,18.9,4,36.2
2026-02-24 02:40:50,62.8,95.1,19.7,2.7,36.9
2026-02-24 02:41:00,63.9,95.1,19.6,3.8,37.4
2026-02-24 02:41:10,61,95.9,13.8,2.1,36.1
2026-02-24 02:41:20,63.4,100,18.7,2.2,37
2026-02-24 02:41:30,62.9,98.3,13.9,3.5,36.5
2026-02-24 02:41:40,63,97.8,12.7,4.2,37
2026-02-24 02:41:50,61.8,99.5,19.7,3.4,37.4
2026-02-24 02:42:00,63.1,98.4,18.6,4,37.2
2026-02-24 02:42:10,63.4,98.1,18.7,3.7,36.8
2026-02-24 02:42:20,63.8,97.1,17.1,2.7,37.1
2026-02-24 02:42:30,62.3,98.4,16.4,2,37.4
2026-02-24 02:42:40,62.4,97.9,19,3.5,36.7
2026-02-24 02:42:50,61.2,96.2,19.2,2.2,36.5
2026-02-24 02:43:00,62.6,98.9,17.2,2.2,36.5
2026-02-24 02:43:10,61.5,98.4,15.6,4.1,36.9
2026-02-24 02:43:20,62.3,98.7,15.1,4,36.8
2026-02-24 02:43:30,64.6,95.1,17.1,2.9,36.6
2026-02-24 02:43:40,64.5,96.7,16.4,3.4,36.3
2026-02-24 02:43:50,61.9,97,13.9,2.5,36.1
2026-02-24 02:44:00,64.8,99.6,18.1,3,36.2
2026-02-24 02:44:10,64,97,16.2,2,36
2026-02-24 02:44:20,64.4,97.9,16.1,2.1,37.1
2026-02-24 02:44:30,62.5,95.4,12,3.4,36.8
2026-02-24 02:44:40,61.5,97.9,16.1,3.7,37.2
2026-02-24 02:44:50,64.1,95.1,14.2,4.1,37.4
2026-02-24 02:45:00,62.1,98.2,15.9,2.6,36.5
2026-02-24 02:45:10,63,96.9,16.4,2.2,36.1
2026-02-24 02:45:20,64.1,99.6,13.7,3.8,36.4
2026-02-24 02:45:30,64.6,96.7,14,4.3,37.1
2026-02-24 02:45:40,64.1,95.8,19.8,2.3,36.9
2026-02-24 02:45:50,63.9,97.3,12.2,2.4,37.4
2026-02-24 02:46:00,62.8,96,16.5,3,36.2
2026-02-24 02:46:10,62.9,96.9,18.5,4.8,37.1
2026-02-24 02:46:20,63.2,98.5,17.4,4.3,36.1
2026-02-24 02:46:30,63.9,96.5,18.4,4.5,36.9
2026-02-24 02:46:40,63,96.8,17.7,2.1,36.1
2026-02-24 02:46:50,61.9,96.3,15.3,2.8,36.9
2026-02-24 02:47:00,61.9,96.3,16.5,2.5,36.9
2026-02-24 02:47:10,61.5,99.7,16.8,3.4,37.4
2026-02-24 02:47:20,65.1,96.9,14.5,4.5,36.6
2026-02-24 02:47:30,63.7,98.5,17.2,2.2,37.4
2026-02-24 02:47:40,61.4,96.7,15.7,3.2,36.7
2026-02-24 02:47:50,64.5,95.3,15.3,2.4,36.7
2026-02-24 02:48:00,65.2,96.4,18.2,4.4,36.4
2026-02-24 02:48:10,64.5,96.6,15.5,2.2,36.6
2026-02-24 02:48:20,63.5,97.3,13.2,2.4,37
2026-02-24 02:48:30,63.6,96.7,18.9,3.8,36.8
2026-02-24 02:48:40,63.9,96.4,15.2,4.7,37.2
2026-02-24 02:48:50,63,99.3,19.8,4.5,36.7
2026-02-24 02:49:00,63,99.7,18.5,2.4,36.9
2026-02-24 02:49:10,61.4,98.8,13,3,37.5
2026-02-24 02:49:20,64,96.6,16.9,2.5,36.4
2026-02-24 02:49:30,64.8,96.6,16.1,4.7,37.1
2026-02-24 02:49:40,63.9,97,19.9,2.9,36.2
2026-02-24 02:49:50,63.2,95,12.6,4.1,36.7
2026-02-24 02:50:00,64.1,95.6,19.4,4.4,37
2026-02-24 02:50:10,62.9,98.6,17.5,3.7,36.4
2026-02-24 02:50:20,63.3,95.9,18.2,2.8,37.2
2026-02-24 02:50:30,63.7,95.9,19.5,2.2,37.1
2026-02-24 02:50:40,62,98,13.3,4.6,37.4
2026-02-24 02:50:50,63.2,98.3,14.1,4.9,36.9
2026-02-24 02:51:00,62.2,99.3,19.2,2.4,37.2
2026-02-24 02:51:10,63.9,97,17,3.2,36.3
2026-02-24 02:51:20,63.1,97.2,17.7,3.5,37.2
2026-02-24 02:51:30,64.4,96.2,19.3,4.1,36.2
2026-02-24 02:51:40,61.5,99.9,19.6,2.9,36.2
2026-02-24 02:51:50,64.8,96.1,19.8,2.6,37.4
2026-02-24 02:52:00,64.2,98,14.8,2.5,36.5
2026-02-24 02:52:10,65.2,98.3,18.2,2.9,36.1
2026-02-24 02:52:20,62.3,97.6,13.4,4.4,37.3
2026-02-24 02:52:30,62.2,95.8,15.2,4,37.2
2026-02-24 02:52:40,62.6,99.9,13,4.4,37.4
2026-02-24 02:52:50,61.8,95.3,17.5,4.6,37.1
2026-02-24 02:53:00,63.7,99.1,14,2.9,37.4
2026-02-24 02:53:10,64.5,99.3,18.2,2.4,37.3
2026-02-24 02:53:20,64.4,98.8,16.8,4.1,37.1
2026-02-24 02:53:30,63.6,99.7,16,4.4,37.3
2026-02-24 02:53:40,63.2,95.7,18.3,3.8,36
2026-02-24 02:53:50,64.7,97.9,13.5,2.7,37.3
2026-02-24 02:54:00,62.9,99.1,17.8,4.3,36.5
2026-02-24 02:54:10,63.3,96.5,12.5,2.7,36.1
2026-02-24 02:54:20,64.7,96.8,12.2,4.3,36.5
2026-02-24 02:54:30,61.8,95.9,17.3,4.4,37.2
2026-02-24 02:54:40,63.4,95,16,4.8,36.2
2026-02-24 02:54:50,63.5,96.4,14.6,4.9,36.6
2026-02-24 02:55:00,61.8,97.6,20,4.2,37.3
2026-02-24 02:55:10,64.6,95.1,12,3.4,37
2026-02-24 02:55:20,63.4,96.1,19.1,2.5,37.1
2026-02-24 02:55:30,64.1,97.5,15.5,3.4,37.1
2026-02-24 02:55:40,61.7,96.9,14.1,2.5,36.1
2026-02-24 02:55:50,62.6,96.1,15.5,4,37
2026-02-24 02:56:00,61.7,99.7,14.1,2.8,36.3
2026-02-24 02:56:10,64.1,95.6,18.7,2.8,36.3
2026-02-24 02:56:20,64.9,97.7,13.9,2.6,36.6
2026-02-24 02:56:30,63.8,95.1,16.2,3,37.5
2026-02-24 02:56:40,64.3,96.5,15,4.7,37.5
2026-02-24 02:56:50,62.1,95.6,14.5,2.3,37.1
2026-02-24 02:57:00,65,98,13.2,3.1,37.1
2026-02-24 02:57:10,64.4,98.8,12.6,2.9,36.5
2026-02-24 02:57:20,63.4,98.2,14,3.9,37.1
2026-02-24 02:57:30,62.9,97.6,16.3,3.4,36.4
2026-02-24 02:57:40,64.5,98.2,12.1,4.6,37.2
2026-02-24 02:57:50,65,98.3,16.5,3.8,36.2
2026-02-24 02:58:00,64.5,98.1,13.1,3.6,37.1
2026-02-24 02:58:10,62.1,97,12.9,4.4,36.6
2026-02-24 02:58:20,62.8,96.6,13.8,4.2,36.8
2026-02-24 02:58:30,65.5,96.6,16.9,2.2,36.4
2026-02-24 02:58:40,65.5,97.1,16.6,4.2,37.5
2026-02-24 02:58:50,64.4,96.2,19.9,4.7,36.7
2026-02-24 02:59:00,65.6,96.8,18.1,3.8,36.1
2026-02-24 02:59:10,62.4,96.6,16.1,3.3,37.4
2026-02-24 02:59:20,63.8,98.6,14.7,4.8,37.4
2026-02-24 02:59:30,62.7,95.2,14.7,3.8,36.2
2026-02-24 02:59:40,63,98.2,12.9,3,37.3
2026-02-24 02:59:50,63.1,95.5,12.5,3.7,36.2
2026-02-24 03:00:00,37.8,98.2,14.2,3.4,37.3
2026-02-24 03:00:10,64.2,99.8,12.8,4.1,36.1
2026-02-24 03:00:20,65.5,99.1,12.6,4.2,36.7
2026-02-24 03:00:30,64.8,97,15.1,3.3,36.8
2026-02-24 03:00:40,64.5,95.4,16,3.9,36.8
2026-02-24 03:00:50,63.8,95.7,12.8,4.9,37.4
2026-02-24 03:01:00,64.2,98,12.7,5,36.8
2026-02-24 03:01:10,65.2,99.8,19.9,4.4,36.7
2026-02-24 03:01:20,65.3,97.3,13.2,2.4,37.2
2026-02-24 03:01:30,64.2,95.8,16,2.7,37
2026-02-24 03:01:40,65.4,98.1,16.4,4.8,36.9
2026-02-24 03:01:50,64.9,98.4,17.5,3.6,36.6
2026-02-24 03:02:00,62.2,95.2,16.2,2.6,36.8
2026-02-24 03:02:10,65.4,98.7,17.8,2.8,37.2
2026-02-24 03:02:20,63.1,97.9,15.4,4.3,36.8
2026-02-24 03:02:30,62.3,95.7,17.4,4.7,36.2
2026-02-24 03:02:40,64.7,96.3,12.6,2.9,37.5
2026-02-24 03:02:50,62.9,97.1,17.3,3,37
2026-02-24 03:03:00,64.1,98.2,18.6,4.1,36.4
2026-02-24 03:03:10,63.9,95.4,16.8,3.8,37.4
2026-02-24 03:03:20,63.3,98.9,16.5,2.2,37.2
2026-02-24 03:03:30,63.1,95.6,13.5,4.2,36.6
2026-02-24 03:03:40,64.8,96.4,16,4,36.4
2026-02-24 03:03:50,63.8,96.8,15.8,2.5,37.3
2026-02-24 03:04:00,64.5,96,13,3,37.2
2026-02-24 03:04:10,62.3,95.9,13,2.7,37
2026-02-24 03:04:20,65.2,96.7,16.4,4.4,37.1
2026-02-24 03:04:30,63.6,97.9,14.9,2.4,36.7
2026-02-24 03:04:40,66,96.9,19.3,3,37.3
2026-02-24 03:04:50,62.9,98.9,15.9,2.5,36.9
2026-02-24 03:05:00,65.3,96.9,17.6,4.5,37.4
2026-02-24 03:05:10,63.4,96,15.3,4,36.1
2026-02-24 03:05:20,62.5,98.2,14.6,3.2,36.5
2026-02-24 03:05:30,63.9,98.8,17.9,4.8,36.9
2026-02-24 03:05:40,63.1,99,13.9,3.1,36.8
2026-02-24 03:05:50,64.6,97,19.9,3.9,37.5
2026-02-24 03:06:00,65.3,95.3,13.4,3.2,37.4
2026-02-24 03:06:10,63.1,98.4,18.1,2.1,36.8
2026-02-24 03:06:20,65.6,96.6,17.2,3.5,36.1
2026-02-24 03:06:30,63.1,99.2,16.2,3.4,37.2
2026-02-24 03:06:40,65.9,98.4,15.1,2.5,36.5
2026-02-24 03:06:50,65.4,97.6,17.3,4.4,36.4
2026-02-24 03:07:00,63.4,95.7,13.4,4.1,36.1
2026-02-24 03:07:10,62.5,99.7,14,2.2,37
2026-02-24 03:07:20,63.4,97.8,14.5,2.9,37.3
2026-02-24 03:07:30,62.9,98,14.5,4.2,37.1
2026-02-24 03:07:40,66.3,99.5,17.5,3.8,37.3
2026-02-24 03:07:50,64.9,97.2,18.5,2.5,36.6
2026-02-24 03:08:00,62.5,96.9,14.2,4.7,36.6
2026-02-24 03:08:10,65.8,98.6,15.2,4.4,36.8
2026-02-24 03:08:20,66.4,95.4,17.7,2.1,36.2
2026-02-24 03:08:30,65.3,98.5,15.7,3.8,36.2
2026-02-24 03:08:40,63,97.6,18.7,4.7,37
2026-02-24 03:08:50,62.6,97.8,19.4,4.7,36
2026-02-24 03:09:00,64.4,95.2,19.9,2.5,37.1
2026-02-24 03:09:10,63.6,95,15,3.3,37.5
2026-02-24 03:09:20,66.1,97.3,13.9,2.8,36.2
2026-02-24 03:09:30,63.4,96.9,15.4,3.3,37
2026-02-24 03:09:40,63.8,96.6,12.5,2.1,37.2
2026-02-24 03:09:50,66.2,95.6,17.8,4.8,36.2
2026-02-24 03:10:00,64.1,97.6,18.5,4.5,37.3
2026-02-24 03:10:10,65.4,96.2,17.4,3.8,36.7
2026-02-24 03:10:20,62.6,99.9,12.7,3,36.5
2026-02-24 03:10:30,65.2,95.8,12.4,2.6,37.4
2026-02-24 03:10:40,65.3,98.6,15.7,3.1,37.2
2026-02-24 03:10:50,65.7,98,13.6,2.1,36.5
2026-02-24 03:11:00,64.8,95.1,19.6,2,37.4
2026-02-24 03:11:10,63.8,95.5,18.1,2.6,36.1
2026-02-24 03:11:20,64.5,98,16.8,2.5,37.3
2026-02-24 03:11:30,65.3,98.3,16.6,2.8,37.2
2026-02-24 03:11:40,64.6,99.7,17.9,4.5,37.1
2026-02-24 03:11:50,63.7,97.4,15.8,3.8,36.4
2026-02-24 03:12:00,66.3,98.4,14.8,3.9,36.1
2026-02-24 03:12:10,64.3,97.3,14.4,3.1,37.5
2026-02-24 03:12:20,62.7,97.3,16.6,4.7,36.7
2026-02-24 03:12:30,64.4,98,19.7,4.8,36.6
2026-02-24 03:12:40,63.1,95.1,17.5,3.9,36.8
2026-02-24 03:12:50,65.5,99.8,18.7,4.9,36.5
2026-02-24 03:13:00,63,99.6,15.7,3.6,37.4
2026-02-24 03:13:10,64,98,14.5,4.6,36.8
2026-02-24 03:13:20,65.3,99.9,16.4,4.1,37
2026-02-24 03:13:30,62.8,96.2,13,4.6,37
2026-02-24 03:13:40,66.4,95.8,16.3,2.4,36.4
2026-02-24 03:13:50,63.9,97.2,15.5,4,36
2026-02-24 03:14:00,65.6,98.2,12.9,5,36.3
2026-02-24 03:14:10,64,99.1,17.3,4,36.2
2026-02-24 03:14:20,65.6,99.3,19.4,3,37.3
2026-02-24 03:14:30,65.7,96.8,19.1,2.1,37.4
2026-02-24 03:14:40,64.1,97.9,16.6,3.4,36.5
2026-02-24 03:14:50,64,95.3,18.7,3.3,36.5
2026-02-24 03:15:00,65.1,97.6,15.1,4.6,37.2
2026-02-24 03:15:10,66.1,99,17.6,5,37
2026-02-24 03:15:20,66.2,98.9,17,2.8,37.2
2026-02-24 03:15:30,63.5,99.4,19.9,3.1,37.2
2026-02-24 03:15:40,66.6,99,14.1,2.4,37.4
2026-02-24 03:15:50,64.2,97.6,17.3,2.4,36.4
2026-02-24 03:16:00,65.4,97.9,16.6,3.6,36.2
2026-02-24 03:16:10,65.9,99.1,15.2,4.7,37.1
2026-02-24 03:16:20,63.8,96.9,17.4,3.2,37.2
2026-02-24 03:16:30,66.4,95.9,13.5,4.6,36.9
2026-02-24 03:16:40,66.3,97.1,12.9,3.2,36.2
2026-02-24 03:16:50,63.6,99,14.2,3.7,37.2
2026-02-24 03:17:00,64,97.6,19.1,3.3,36.2
2026-02-24 03:17:10,64.4,97.9,13,4.2,37.4
2026-02-24 03:17:20,64.5,98.4,16.2,3,37.5
2026-02-24 03:17:30,64.8,99.3,12.9,3.2,37
2026-02-24 03:17:40,65.4,97.8,17.2,2.3,36.4
2026-02-24 03:17:50,66.3,99.1,19.9,4.2,36.6
2026-02-24 03:18:00,66.8,100,13.9,4.6,36.4
2026-02-24 03:18:10,66,96.7,19.5,3.1,36.8
2026-02-24 03:18:20,65.8,95.2,13.6,4.5,36.1
2026-02-24 03:18:30,63.1,97.1,16.9,2.1,36
2026-02-24 03:18:40,63,99.8,16.9,4,36.2
2026-02-24 03:18:50,63.4,96.4,17.6,3.7,36.7
2026-02-24 03:19:00,66.2,97.5,17.9,4.3,36.5
2026-02-24 03:19:10,64,98.6,16.3,2.9,36.8
2026-02-24 03:19:20,63.6,99.1,18.3,4.1,36.1
2026-02-24 03:19:30,65.8,99,19,2.2,36.8
2026-02-24 03:19:40,64.7,99.5,12.8,4.9,37.2
2026-02-24 03:19:50,66.9,98,13.4,3.2,36.5
2026-02-24 03:20:00,63.3,98,18.7,3.2,36.8
2026-02-24 03:20:10,66.5,99,18.8,2.7,36.3
2026-02-24 03:20:20,66.6,97.3,16.6,4.2,37.5
2026-02-24 03:20:30,63.6,96.3,18,4.4,37
2026-02-24 03:20:40,66.1,99.7,12.6,3.6,36.1
2026-02-24 03:20:50,64.3,98.2,17.5,4.4,37.3
2026-02-24 03:21:00,64.7,96,18.5,3.6,37.1
2026-02-24 03:21:10,64.8,99.7,13.9,2.9,36.5
2026-02-24 03:21:20,64.2,99.9,17.2,4.4,36.4
2026-02-24 03:21:30,63.7,97,17.3,4.2,37.1
2026-02-24 03:21:40,63.5,96.6,13.1,2.3,37
2026-02-24 03:21:50,66.9,95.5,17,5,37.3
2026-02-24 03:22:00,64.3,99.6,19.4,2,37.5
2026-02-24 03:22:10,65.9,96.9,18.3,3.6,37.4
2026-02-24 03:22:20,64.8,96.8,18.8,4.5,36.5
2026-02-24 03:22:30,63.6,99.4,12.4,3.5,37.2
2026-02-24 03:22:40,65,97,13.7,4.1,36.8
2026-02-24 03:22:50,65.3,98.9,17.8,3.6,36.2
2026-02-24 03:23:00,64.6,98,12.3,4.3,37.1
2026-02-24 03:23:10,66.6,95.9,18.9,4.1,36.2
2026-02-24 03:23:20,66.8,99.8,15.8,3.5,37.2
2026-02-24 03:23:30,63.7,98.3,14.6,4.3,37.2
2026-02-24 03:23:40,64.6,99.6,15,4.9,36.8
2026-02-24 03:23:50,64.4,98.9,13.7,2.8,36.7
2026-02-24 03:24:00,67,96.4,13.8,3.5,36.7
2026-02-24 03:24:10,65.4,99.6,13,3.4,37.5
2026-02-24 03:24:20,65.1,98.3,12.8,4.9,36.3
2026-02-24 03:24:30,65.4,100,15.3,4.5,36.9
2026-02-24 03:24:40,66.6,96.3,15.6,4.1,36.3
2026-02-24 03:24:50,65.5,99.4,14.4,2.2,36.7
2026-02-24 03:25:00,66.8,98.8,13.6,3.1,37
2026-02-24 03:25:10,63.9,96.3,13.7,2.6,36.9
2026-02-24 03:25:20,63.5,98.3,16.9,3.5,37
2026-02-24 03:25:30,66.1,98.1,18.8,3.2,36.3
2026-02-24 03:25:40,65.3,98.3,14.9,4,36.1
2026-02-24 03:25:50,66.5,97.2,18.8,2.3,37
2026-02-24 03:26:00,64.4,97,19.8,4.3,36.6
2026-02-24 03:26:10,65,96.9,14.1,4.8,36.1
2026-02-24 03:26:20,64.3,100,12.8,2.4,36
2026-02-24 03:26:30,66.5,96.6,17.4,2.7,37.3
2026-02-24 03:26:40,65.9,96.5,18,2.4,37
2026-02-24 03:26:50,66.6,95.4,13,2.5,37.1
2026-02-24 03:27:00,65.7,98.9,16.9,2.5,36.1
2026-02-24 03:27:10,65.9,95.5,17.5,4.2,36.8
2026-02-24 03:27:20,65,98.4,14.5,4.4,36.2
2026-02-24 03:27:30,64.1,99.5,19.9,3.7,37.2
2026-02-24 03:27:40,66,96.5,15.6,4.8,36.7
2026-02-24 03:27:50,67.2,96.2,15,2.3,36.9
2026-02-24 03:28:00,63.8,98,12.2,2.7,37.4
2026-02-24 03:28:10,66.9,96.4,18.5,4.8,36.3
2026-02-24 03:28:20,64.7,96.1,19.3,2.6,36.9
2026-02-24 03:28:30,67.3,99.3,14.9,3.8,36.3
2026-02-24 03:28:40,67.3,98.2,18.1,2.7,36.9
2026-02-24 03:28:50,66.8,96.5,18.3,2.4,36.4
2026-02-24 03:29:00,63.8,95.5,14.4,4.8,37.1
2026-02-24 03:29:10,66.7,97.6,14.9,4.7,37.3
2026-02-24 03:29:20,64.8,95.5,12.2,2.9,36
2026-02-24 03:29:30,65.2,96.6,12.6,3.2,37.1
2026-02-24 03:29:40,66.7,97.2,12.6,2.5,37.3
2026-02-24 03:29:50,63.6,96.6,16.7,2.8,36.1
2026-02-24 03:30:00,113.1,98.1,12.7,2.8,36.1
2026-02-24 03:30:10,67.4,99.4,17.9,3.7,37.5
2026-02-24 03:30:20,67,99.4,18.4,2.6,37.2
2026-02-24 03:30:30,64.3,95.5,18.3,2.8,36.4
2026-02-24 03:30:40,66.3,95.3,17.8,2.4,36.8
2026-02-24 03:30:50,64.9,98.7,15.6,3.5,36.4
2026-02-24 03:31:00,66.3,97.4,16.3,4.2,36.9
2026-02-24 03:31:10,65.8,95.4,18.7,4.8,37.2
2026-02-24 03:31:20,65.6,95.1,16.8,3.8,36.3
2026-02-24 03:31:30,65.8,97.8,12.6,2.4,36.1
2026-02-24 03:31:40,64.4,95.2,18.8,3.9,37.3
2026-02-24 03:31:50,64.7,95.6,17.1,4.5,36.5
2026-02-24 03:32:00,65.5,96.3,19.5,4.4,37.5
2026-02-24 03:32:10,64.6,98.2,19.4,4.2,37.2
2026-02-24 03:32:20,65.7,96.9,13.1,4.1,36.4
2026-02-24 03:32:30,66.8,98.4,19.1,4.6,36.1
2026-02-24 03:32:40,66.4,97.5,13,5,37.4
2026-02-24 03:32:50,64.8,95.7,17.5,4.6,37
2026-02-24 03:33:00,65.9,95.1,20,4,36.5
2026-02-24 03:33:10,66.1,97.5,15.5,3.4,36.8
2026-02-24 03:33:20,65.8,96.3,14.4,4.6,37.1
2026-02-24 03:33:30,65.2,96.1,13.5,4.8,36
2026-02-24 03:33:40,67.1,96.6,16.6,4.5,36.4
2026-02-24 03:33:50,63.9,97.5,17.7,4.8,36.7
2026-02-24 03:34:00,66.4,97,14.9,4,37
2026-02-24 03:34:10,67.6,99.7,13.5,2.8,37.1
2026-02-24 03:34:20,65.6,97.6,18.5,2.4,36.8
2026-02-24 03:34:30,63.9,95.5,19.7,3.1,36.1
2026-02-24 03:34:40,67.5,99.9,19.5,3.9,36
2026-02-24 03:34:50,65.8,95.9,13.7,3.2,37.1
2026-02-24 03:35:00,67.1,96.8,16.3,2.7,36.6
2026-02-24 03:35:10,65.1,95.1,12.5,2.8,36.3
2026-02-24 03:35:20,67,97.9,12.2,3.4,36.2
2026-02-24 03:35:30,65.2,99.2,20,3.7,37.1
2026-02-24 03:35:40,65.8,96,12.4,4.2,36.7
2026-02-24 03:35:50,65.6,95.3,19.1,4.8,36.4
2026-02-24 03:36:00,65.4,97.1,14.2,4.1,36.3
2026-02-24 03:36:10,64,95.1,19,3.7,36.2
2026-02-24 03:36:20,65.5,97.1,17.4,3.2,36.5
2026-02-24 03:36:30,67.7,98.9,19.2,3,37.1
2026-02-24 03:36:40,63.9,98.9,12.2,3.2,37.1
2026-02-24 03:36:50,64,97,16.1,2.6,37
2026-02-24 03:37:00,66.2,96.4,19.6,3.6,36.4
2026-02-24 03:37:10,66.7,99.5,14.1,3.6,37.4
2026-02-24 03:37:20,65,96.4,14.9,3.1,36.4
2026-02-24 03:37:30,65.6,95.5,13.9,3.9,37.1
2026-02-24 03:37:40,66.3,96.8,13.2,4.4,36.8
2026-02-24 03:37:50,66.1,96.3,18.9,3.6,36.6
2026-02-24 03:38:00,67.4,96.2,12.9,2.2,36.9
2026-02-24 03:38:10,66,95.3,17.7,2.8,37.5
2026-02-24 03:38:20,66,95.6,19.5,2.5,36.3
2026-02-24 03:38:30,66.7,99.9,19,3.4,37.5
2026-02-24 03:38:40,66.5,99.8,12.3,2.1,36.9
2026-02-24 03:38:50,67.1,97.4,17.5,2.5,37
2026-02-24 03:39:00,66.1,97.1,15.4,4.2,36.2
2026-02-24 03:39:10,67.2,100,15.6,4,36.2
2026-02-24 03:39:20,67.9,95,14.8,3.8,37.5
2026-02-24 03:39:30,66.8,95.3,13.3,4.8,36
2026-02-24 03:39:40,66.7,97,15.1,2.5,37.1
2026-02-24 03:39:50,65.3,99.2,17.7,4.1,37
2026-02-24 03:40:00,66.9,99.9,16.6,3.9,36.9
2026-02-24 03:40:10,64.8,98.1,17.8,3.4,36.8
2026-02-24 03:40:20,65.7,98.2,13.4,3.9,37.2
2026-02-24 03:40:30,65.9,99.7,18,2.6,36.7
2026-02-24 03:40:40,64.6,98.2,14.8,2.6,37.1
2026-02-24 03:40:50,64.8,98.5,18.9,2.7,36.1
2026-02-24 03:41:00,66.4,95.1,13.1,3.5,36.8
2026-02-24 03:41:10,66.3,97.3,18.6,3.9,36.4
2026-02-24 03:41:20,64.9,96.4,19.1,3.9,36.9
2026-02-24 03:41:30,64.1,98.2,18.1,4.2,37.1
2026-02-24 03:41:40,67.4,98.7,18.8,4.8,36.3
2026-02-24 03:41:50,67.9,95.7,16.4,4.5,37
2026-02-24 03:42:00,64.1,99.9,17.1,2.5,36.2
2026-02-24 03:42:10,65.8,95.5,19.5,4.1,36.7
2026-02-24 03:42:20,64.1,95.6,17.5,2.3,37.1
2026-02-24 03:42:30,66.4,98.4,16.4,3.9,37.4
2026-02-24 03:42:40,66.7,95.5,13,2.3,36.9
2026-02-24 03:42:50,66.9,100,16.7,4.7,36.8
2026-02-24 03:43:00,65.3,96.7,17.2,3,36.4
2026-02-24 03:43:10,67.5,96.3,16.3,3.8,36.8
2026-02-24 03:43:20,64.5,98.9,12.1,3.3,37
2026-02-24 03:43:30,66,97.8,14.7,4.7,36.3
2026-02-24 03:43:40,66.6,97.3,16.6,3.2,37.1
2026-02-24 03:43:50,67.2,96.8,14,4.7,36.3
2026-02-24 03:44:00,66.2,97.3,19,3.5,36.4
2026-02-24 03:44:10,64.7,95.7,14.6,4.7,37.2
2026-02-24 03:44:20,65.4,98,18.1,4,37.5
2026-02-24 03:44:30,66.8,99.1,19.2,3.4,36.2
2026-02-24 03:44:40,65.5,97.9,16.5,4.2,36.9
2026-02-24 03:44:50,65.1,98.1,15.4,4.2,36.2
2026-02-24 03:45:00,64.5,96,16.8,3,36.8
2026-02-24 03:45:10,66.7,99.6,14.7,2.1,36.8
2026-02-24 03:45:20,67.2,98.5,19.1,2.8,36.5
2026-02-24 03:45:30,66.5,98.3,14.5,2.2,36.2
2026-02-24 03:45:40,64.4,99,17.8,3.7,36.9
2026-02-24 03:45:50,68,99.2,13.5,4.6,36.9
2026-02-24 03:46:00,65.3,96.6,20,3.2,36.6
2026-02-24 03:46:10,67,97.4,18.5,2.1,36.3
2026-02-24 03:46:20,68,97.7,13.6,2.4,37.4
2026-02-24 03:46:30,65.8,97.6,18.1,3.7,37.2
2026-02-24 03:46:40,67.7,96.2,14.6,2.9,36.4
2026-02-24 03:46:50,67.4,99.3,12.8,3.5,36.1
2026-02-24 03:47:00,68,96.5,16.2,2.6,36.9
2026-02-24 03:47:10,64.9,97,19.9,2.6,36.4
2026-02-24 03:47:20,64.4,99.6,12.2,3.2,36.5
2026-02-24 03:47:30,64.8,99.5,14.1,3.9,37
2026-02-24 03:47:40,68,96.9,13.5,4.6,36.8
2026-02-24 03:47:50,64.8,95.4,12.6,3.5,37
2026-02-24 03:48:00,68.3,99.6,15.5,3.3,37
2026-02-24 03:48:10,66,98.6,13.7,4.5,36.1
2026-02-24 03:48:20,65.2,97.5,19.1,2.4,37.1
2026-02-24 03:48:30,65.4,98.3,12.5,2.6,37.1
2026-02-24 03:48:40,66.7,95.7,12.1,4.5,36.6
2026-02-24 03:48:50,64.6,99.1,13,4.2,36.7
2026-02-24 03:49:00,67.6,97.6,18.1,4.3,36.3
2026-02-24 03:49:10,66.8,95.9,14.4,2.2,37.3
2026-02-24 03:49:20,66,97.2,18.4,2.9,36.4
2026-02-24 03:49:30,66.2,96.3,15.6,3.7,36.5
2026-02-24 03:49:40,66.7,98.6,14.4,4,36.2
2026-02-24 03:49:50,66.9,96.3,19.5,4.4,36.6
2026-02-24 03:50:00,66.8,97.4,17.8,2.7,36.9
2026-02-24 03:50:10,67.2,98.8,16,2.5,36.3
2026-02-24 03:50:20,68.2,98.6,13.1,2.4,36.3
2026-02-24 03:50:30,68,97.4,18.9,4,36.5
2026-02-24 03:50:40,66.4,95.1,12.5,4.8,36.2
2026-02-24 03:50:50,65,95,13.3,3,37.3
2026-02-24 03:51:00,66,99.1,14.6,4.3,37.1
2026-02-24 03:51:10,65.8,98.5,15,4.5,37.1
2026-02-24 03:51:20,67.8,96,14,5,36.7
2026-02-24 03:51:30,68.4,97.5,19.5,2.6,36.8
2026-02-24 03:51:40,65.3,96,13.6,2.4,37
2026-02-24 03:51:50,66.5,98.1,17,2.4,36.9
2026-02-24 03:52:00,66.7,96.2,13.9,3.5,36.5
2026-02-24 03:52:10,65.6,95.6,13.1,2.5,37
2026-02-24 03:52:20,65.5,97.6,15.1,3.8,36.3
2026-02-24 03:52:30,68.6,99.1,13,2.3,36.5
2026-02-24 03:52:40,66.9,97.6,14.3,3.4,37.4
2026-02-24 03:52:50,66.2,97.3,14,3.7,37.1
2026-02-24 03:53:00,66.8,98.3,19.2,3.6,37.1
2026-02-24 03:53:10,68.1,99.9,13.3,3.1,36.1
2026-02-24 03:53:20,67.7,97,15.5,4.6,36.9
2026-02-24 03:53:30,64.7,97.6,14.4,2.4,36.5
2026-02-24 03:53:40,67.6,99.1,16.5,4.4,36.9
2026-02-24 03:53:50,65.6,95.6,15.6,2.5,36.2
2026-02-24 03:54:00,65.7,98.3,14.8,4.5,36.9
2026-02-24 03:54:10,68.6,98.3,17.8,4.8,36.2
2026-02-24 03:54:20,66.4,99.7,17.4,3.4,36.9
2026-02-24 03:54:30,67,96.4,16.2,2.2,36
2026-02-24 03:54:40,67.1,95.9,13.7,3.3,36.5
2026-02-24 03:54:50,68,98.8,17.4,2.6,36.6
2026-02-24 03:55:00,68.4,97.6,15.8,3.3,36.1
2026-02-24 03:55:10,67.6,95.5,19.2,4.8,37.1
2026-02-24 03:55:20,65,96.4,15.2,4.2,37
2026-02-24 03:55:30,67.2,97.3,16.8,3.1,36.7
2026-02-24 03:55:40,67.6,95.9,14.3,3.1,37.4
2026-02-24 03:55:50,65.8,98.9,18.4,4.5,36.3
2026-02-24 03:56:00,65,95.7,14,4.2,36.8
2026-02-24 03:56:10,66.1,99.1,19,2.4,36.6
2026-02-24 03:56:20,68.7,96.7,18.4,3.9,36.8
2026-02-24 03:56:30,65.5,100,16.8,4.4,36.1
2026-02-24 03:56:40,65.3,97.7,17.6,4.8,37.1
2026-02-24 03:56:50,66.4,98.1,19.4,2.1,37.4
2026-02-24 03:57:00,68,95.4,18.7,3.7,37.4
2026-02-24 03:57:10,68.1,97.1,12.9,4.1,37.4
2026-02-24 03:57:20,66.4,98.8,13.9,3,36.2
2026-02-24 03:57:30,67,97.9,17.5,2.3,36.6
2026-02-24 03:57:40,67.5,98,18.2,2.1,36.3
2026-02-24 03:57:50,67.8,96.1,17.9,4.3,36.5
2026-02-24 03:58:00,67.6,97.7,15.2,3.1,36.9
2026-02-24 03:58:10,66.4,100,17,2.8,36.2
2026-02-24 03:58:20,65.8,98.3,15.4,3.9,36.7
2026-02-24 03:58:30,67.2,98.7,12.9,3.9,36.9
2026-02-24 03:58:40,68.5,98.2,14.5,2.8,36.6
2026-02-24 03:58:50,65.3,96.6,17.1,3,36.4
2026-02-24 03:59:00,67.2,98.7,15.8,4.5,36.3
2026-02-24 03:59:10,68.8,96.1,19.6,2.2,36.5
2026-02-24 03:59:20,68.7,99.7,14.7,3,36.4
2026-02-24 03:59:30,65.8,99.8,17,2.5,36.3
2026-02-24 03:59:40,66.4,99.1,12.1,3.5,37.1
2026-02-24 03:59:50,67,97.7,19.1,3.6,37.4
